PracticeCode,HB,HBName,Postcode,Latitude,Longitude,Easting,Northing
10002,S08000030,NHS Tayside,DD2 5NH,56.495588,-3.066043,334465,734232
10017,S08000030,NHS Tayside,PH7 3SA,56.370422,-3.84264,286283,721315
10036,S08000030,NHS Tayside,PH15 2BL,56.618507,-3.870521,285313,748970
10106,S08000030,NHS Tayside,DD5 1DU,56.468661,-2.883039,345693,731075
10125,S08000030,NHS Tayside,PH11 8EQ,56.618115,-3.229124,324669,748037
10182,S08000030,NHS Tayside,DD11 1AD,56.55899,-2.580842,364397,740931
10233,S08000030,NHS Tayside,DD11 1EN,56.560772,-2.580327,364430,741129
10286,S08000030,NHS Tayside,DD11 1ES,56.560654,-2.578535,364540,741115
10322,S08000030,NHS Tayside,DD11 1ES,56.560654,-2.578535,364540,741115
10361,S08000030,NHS Tayside,PH3 1JH,56.292871,-3.717225,293813,712484
10407,S08000030,NHS Tayside,PH10 6EF,56.586424,-3.34567,317448,744644
10445,S08000030,NHS Tayside,PH10 6BT,56.589173,-3.340687,317760,744944
10498,S08000030,NHS Tayside,DD9 7AN,56.733812,-2.650937,360273,760429
10553,S08000030,NHS Tayside,PH2 9PN,56.347989,-3.405641,313222,718181
10638,S08000030,NHS Tayside,DD7 7RB,56.500382,-2.734413,354888,734498
10708,S08000030,NHS Tayside,PH6 2LW,56.36963,-3.977414,277957,721458
10751,S08000030,NHS Tayside,PH13 9DD,56.544881,-3.26572,322273,739927
10799,S08000030,NHS Tayside,PH13 9DD,56.544881,-3.26572,322273,739927
10835,S08000030,NHS Tayside,PH7 3SA,56.370422,-3.84264,286283,721315
11005,S08000030,NHS Tayside,DD4 6PP,56.47124,-2.955722,341219,731422
11058,S08000030,NHS Tayside,DD1 1PF,56.459166,-2.97752,339857,730097
11096,S08000030,NHS Tayside,DD2 2HZ,56.468636,-3.006672,338076,731177
11128,S08000030,NHS Tayside,DD4 6EL,56.467536,-2.957224,341121,731011
11166,S08000030,NHS Tayside,DD3 8DB,56.47574,-2.981198,339657,731945
11171,S08000030,NHS Tayside,DD2 4AD,56.466205,-3.045349,335689,730942
11289,S08000030,NHS Tayside,DD4 6DG,56.467034,-2.958185,341061,730956
11306,S08000030,NHS Tayside,DD5 1EP,56.466597,-2.877635,346023,730841
11363,S08000030,NHS Tayside,DD1 5LA,56.45729,-2.99083,339034,729900
11382,S08000030,NHS Tayside,DD4 6RB,56.468182,-2.959593,340976,731085
11414,S08000030,NHS Tayside,DD1 4JH,56.456764,-2.990456,339056,729841
11486,S08000030,NHS Tayside,DD4 6QY,56.469351,-2.960755,340906,731216
11645,S08000030,NHS Tayside,DD4 6QY,56.469351,-2.960755,340906,731216
11650,S08000030,NHS Tayside,DD4 6SW,56.47139,-2.958437,341052,731441
11823,S08000030,NHS Tayside,DD3 8NE,56.487742,-2.992692,338968,733291
11861,S08000030,NHS Tayside,DD3 6NF,56.468396,-2.974868,340035,731122
11931,S08000030,NHS Tayside,DD4 7AA,56.473475,-2.957207,341131,731672
12210,S08000030,NHS Tayside,DD2 2HZ,56.468636,-3.006672,338076,731177
12281,S08000030,NHS Tayside,DD1 1PB,56.457658,-2.976281,339931,729928
12831,S08000030,NHS Tayside,DD2 3BR,56.470768,-3.009605,337899,731417
12901,S08000030,NHS Tayside,DD4 0HJ,56.491738,-2.927962,342960,733680
12991,S08000030,NHS Tayside,DD4 6PX,56.472087,-2.956571,341168,731517
13049,S08000030,NHS Tayside,PH8 0AD,56.561881,-3.586102,302619,742228
13091,S08000030,NHS Tayside,DD9 7TA,56.810989,-2.656648,360006,769023
13142,S08000030,NHS Tayside,PH2 7TD,56.403015,-3.198411,326136,724063
13195,S08000030,NHS Tayside,DD8 2AE,56.642738,-2.889521,345545,750456
13231,S08000030,NHS Tayside,DD8 2HA,56.644237,-2.882121,346001,750617
13284,S08000030,NHS Tayside,DD8 2AS,56.642254,-2.885771,345774,750399
13335,S08000030,NHS Tayside,DD11 4TX,56.637493,-2.665156,359299,749716
13369,S08000030,NHS Tayside,DD2 5AD,56.459529,-3.062435,334625,730215
13481,S08000030,NHS Tayside,KY13 8FP,56.215058,-3.42557,311684,703412
13496,S08000030,NHS Tayside,KY13 8FP,56.215058,-3.42557,311684,703412
13532,S08000030,NHS Tayside,DD8 4ES,56.67296,-3.006649,338411,753919
13571,S08000030,NHS Tayside,DD5 4LX,56.486277,-2.823158,349406,732990
13621,S08000030,NHS Tayside,DD10 8TY,56.710088,-2.456408,372157,757692
13660,S08000030,NHS Tayside,DD10 8TY,56.710088,-2.456408,372157,757692
13706,S08000030,NHS Tayside,DD10 8TY,56.710088,-2.456408,372157,757692
13848,S08000030,NHS Tayside,PH2 0JB,56.39442,-3.445843,310846,723400
13891,S08000030,NHS Tayside,PH1 1PP,56.397706,-3.444527,310935,723764
13941,S08000030,NHS Tayside,PH2 0JB,56.39442,-3.445843,310846,723400
13975,S08000030,NHS Tayside,PH1 5PD,56.398195,-3.435699,311481,723807
14037,S08000030,NHS Tayside,PH1 1NU,56.395329,-3.451143,310521,723508
14249,S08000030,NHS Tayside,PH1 1PP,56.397706,-3.444527,310935,723764
14291,S08000030,NHS Tayside,PH2 8HH,56.39481,-3.439331,311249,723435
14342,S08000030,NHS Tayside,PH1 5PD,56.398195,-3.435699,311481,723807
14501,S08000030,NHS Tayside,PH16 5FG,56.701709,-3.736691,293759,758014
14569,S08000030,NHS Tayside,PH1 4NN,56.482053,-3.44424,311150,733151
16013,S08000016,NHS Borders,TD1 1PF,55.618714,-2.812882,348902,636425
16032,S08000016,NHS Borders,TD8 6EN,55.478633,-2.552702,365164,620674
16047,S08000016,NHS Borders,TD9 0RU,55.181634,-2.8117,348409,587783
16051,S08000016,NHS Borders,TD6 0PP,55.577331,-2.671302,357774,631724
16066,S08000016,NHS Borders,TD11 3XP,55.801255,-2.209914,386939,656461
16085,S08000016,NHS Borders,TD7 4LJ,55.550389,-2.839332,347144,628841
16121,S08000016,NHS Borders,EH44 6QE,55.616012,-3.066984,332894,636341
16136,S08000016,NHS Borders,TD5 7LF,55.603653,-2.430439,372978,634533
16141,S08000016,NHS Borders,TD9 9HU,55.423261,-2.784847,350422,614653
16160,S08000016,NHS Borders,EH45 8JG,55.651475,-3.197832,324721,640422
16174,S08000016,NHS Borders,EH46 7EX,55.753298,-3.353197,315166,651933
16193,S08000016,NHS Borders,TD1 2UA,55.615928,-2.803453,349492,636108
16206,S08000016,NHS Borders,TD12 4LQ,55.647828,-2.26379,383497,639397
16211,S08000016,NHS Borders,EH45 8JG,55.651475,-3.197832,324721,640422
16230,S08000016,NHS Borders,TD1 2UA,55.615928,-2.803453,349492,636108
16244,S08000016,NHS Borders,TD1 2UA,55.615928,-2.803453,349492,636108
16259,S08000016,NHS Borders,TD1 2UA,55.615928,-2.803453,349492,636108
16475,S08000016,NHS Borders,TD10 6XJ,55.708046,-2.462029,371065,646164
16507,S08000016,NHS Borders,TD14 5DD,55.870977,-2.091499,394373,664205
16545,S08000016,NHS Borders,TD9 9DT,55.423127,-2.787494,350254,614640
16550,S08000016,NHS Borders,TD1 2SQ,55.691614,-2.865454,345692,644578
16564,S08000016,NHS Borders,TD4 6DW,55.636856,-2.679822,357302,638354
16583,S08000016,NHS Borders,TD11 3EL,55.772604,-2.341409,378680,653305
18057,S08000017,NHS Dumfries and Galloway,DG9 7DW,54.899755,-5.021908,206334,560297
18095,S08000017,NHS Dumfries and Galloway,DG9 7DW,54.899755,-5.021908,206334,560297
18112,S08000017,NHS Dumfries and Galloway,DG9 9QQ,54.688658,-4.894404,213537,536471
18131,S08000017,NHS Dumfries and Galloway,DG8 9JQ,54.868229,-4.444473,243228,555344
18151,S08000017,NHS Dumfries and Galloway,DG8 6NR,54.95962,-4.480468,241279,565592
18165,S08000017,NHS Dumfries and Galloway,DG8 0HH,54.913344,-4.607053,232984,560739
18184,S08000017,NHS Dumfries and Galloway,DG7 3EE,54.950099,-3.922315,276982,563408
18199,S08000017,NHS Dumfries and Galloway,DG6 4BJ,54.834508,-4.050589,268391,550781
18216,S08000017,NHS Dumfries and Galloway,DG7 3EE,54.950099,-3.922315,276982,563408
18235,S08000017,NHS Dumfries and Galloway,DG7 3RN,55.073066,-4.141012,263397,577496
18240,S08000017,NHS Dumfries and Galloway,DG5 4AZ,54.928247,-3.827504,282990,560814
18254,S08000017,NHS Dumfries and Galloway,DG2 8BY,54.979145,-3.618905,296487,566148
18273,S08000017,NHS Dumfries and Galloway,DG1 2PX,55.065135,-3.608125,297397,575700
18288,S08000017,NHS Dumfries and Galloway,DG1 1TR,55.096713,-3.586402,298864,579182
18305,S08000017,NHS Dumfries and Galloway,DG2 9BH,55.072505,-3.627012,296210,576548
18310,S08000017,NHS Dumfries and Galloway,DG1 4EJ,55.063914,-3.586764,298758,575533
18324,S08000017,NHS Dumfries and Galloway,DG4 6BT,55.36962,-3.925115,278091,610090
18339,S08000017,NHS Dumfries and Galloway,DG3 5AA,55.234944,-3.765602,287819,594837
18343,S08000017,NHS Dumfries and Galloway,DG2 0UJ,55.140435,-3.776017,286889,584338
18358,S08000017,NHS Dumfries and Galloway,DG11 2BJ,55.121768,-3.357863,313501,581663
18377,S08000017,NHS Dumfries and Galloway,DG11 1NH,55.128239,-3.440346,308256,582488
18381,S08000017,NHS Dumfries and Galloway,DG10 9ES,55.332083,-3.444687,308449,605176
18396,S08000017,NHS Dumfries and Galloway,DG10 9JP,55.333222,-3.446182,308357,605305
18409,S08000017,NHS Dumfries and Galloway,DG12 6GS,54.986385,-3.262707,319297,566484
18413,S08000017,NHS Dumfries and Galloway,DG12 6GN,54.986385,-3.262707,319297,566484
18428,S08000017,NHS Dumfries and Galloway,DG16 5NA,54.99368,-3.067785,331782,567088
18432,S08000017,NHS Dumfries and Galloway,DG14 0UX,55.078956,-2.952282,339301,576471
18447,S08000017,NHS Dumfries and Galloway,DG13 0JY,55.150836,-3.000173,336358,584512
18451,S08000017,NHS Dumfries and Galloway,DG11 3BT,55.058825,-3.264674,319317,574547
18560,S08000017,NHS Dumfries and Galloway,DG1 1DL,55.070556,-3.613758,297051,576312
18574,S08000017,NHS Dumfries and Galloway,DG9 9DP,54.810372,-4.962443,209725,550192
18589,S08000017,NHS Dumfries and Galloway,DG8 0PU,54.880735,-4.802585,220308,557596
18593,S08000017,NHS Dumfries and Galloway,DG9 7DW,54.899755,-5.021908,206334,560297
18611,S08000017,NHS Dumfries and Galloway,DG8 8PS,54.737091,-4.415065,244612,540690
20004,S08000029,NHS Fife,KY10 3FF,56.227403,-2.691821,357204,704087
20057,S08000029,NHS Fife,KY14 7AW,56.289672,-3.231356,323877,711484
20108,S08000029,NHS Fife,KY8 1HJ,56.175966,-3.039428,335566,698633
20151,S08000029,NHS Fife,KY3 9DF,56.058918,-3.230831,323451,685802
20184,S08000029,NHS Fife,KY3 9DF,56.058918,-3.230831,323451,685802
20254,S08000029,NHS Fife,KY5 0JE,56.14649,-3.26368,321584,695585
20305,S08000029,NHS Fife,KY4 9DH,56.110839,-3.351665,316040,691721
20358,S08000029,NHS Fife,KY4 8DF,56.087916,-3.372896,314669,689196
20409,S08000029,NHS Fife,KY15 4JN,56.323249,-3.016375,337239,715004
20413,S08000029,NHS Fife,KY15 4JN,56.323249,-3.016375,337239,715004
20451,S08000029,NHS Fife,KY11 4TF,56.066146,-3.452002,309696,686874
20466,S08000029,NHS Fife,KY12 0BL,56.082433,-3.43309,310911,688662
20471,S08000029,NHS Fife,KY11 3BA,56.061232,-3.446517,310026,686320
20485,S08000029,NHS Fife,KY11 4JW,56.067587,-3.450996,309762,687033
20490,S08000029,NHS Fife,KY12 0AE,56.075196,-3.449174,309893,687877
20502,S08000029,NHS Fife,KY11 4LT,56.065635,-3.417079,311869,686772
20606,S08000029,NHS Fife,KY6 1HL,56.195536,-3.19464,325968,700967
20611,S08000029,NHS Fife,KY7 6SX,56.207951,-3.168392,327620,702321
20630,S08000029,NHS Fife,KY6 1HL,56.195536,-3.19464,325968,700967
20659,S08000029,NHS Fife,KY7 4AQ,56.190652,-3.158166,328222,700385
20663,S08000029,NHS Fife,KY7 4RH,56.182676,-3.162873,327915,699502
20729,S08000029,NHS Fife,KY12 8SJ,56.061722,-3.596589,300683,686580
20752,S08000029,NHS Fife,KY11 1NU,56.029635,-3.39692,313043,682740
20803,S08000029,NHS Fife,KY4 0AE,56.134212,-3.380949,314271,694358
20856,S08000029,NHS Fife,KY8 5JZ,56.209438,-3.04672,335170,702365
20907,S08000029,NHS Fife,KY3 9RT,56.069207,-3.175467,326918,686887
20950,S08000029,NHS Fife,KY1 1PH,56.106707,-3.16489,327647,691049
20964,S08000029,NHS Fife,KY1 2NA,56.12717,-3.159346,328030,693321
20979,S08000029,NHS Fife,KY2 5RB,56.117822,-3.174006,327101,692296
20983,S08000029,NHS Fife,KY1 1ER,56.111403,-3.162023,327834,691569
20998,S08000029,NHS Fife,KY1 2PG,56.119606,-3.147714,328739,692467
21007,S08000029,NHS Fife,KY1 2NA,56.12717,-3.159346,328030,693321
21011,S08000029,NHS Fife,KY1 2NA,56.12717,-3.159346,328030,693321
21026,S08000029,NHS Fife,KY1 2NA,56.12717,-3.159346,328030,693321
21101,S08000029,NHS Fife,KY15 7JS,56.274422,-3.123974,330496,709673
21153,S08000029,NHS Fife,KY6 3LQ,56.200651,-3.218154,324519,701562
21204,S08000029,NHS Fife,KY16 0DZ,56.375683,-2.93304,342472,720767
21257,S08000029,NHS Fife,KY8 4ET,56.196843,-2.998477,338142,700919
21276,S08000029,NHS Fife,KY8 4ET,56.196843,-2.998477,338142,700919
21281,S08000029,NHS Fife,KY8 4ET,56.196843,-2.998477,338142,700919
21308,S08000029,NHS Fife,KY11 3ED,56.03587,-3.500364,306612,683569
21384,S08000029,NHS Fife,KY5 9QZ,56.128878,-3.311964,318547,693681
21421,S08000029,NHS Fife,KY5 8DA,56.156133,-3.321828,317992,696726
21435,S08000029,NHS Fife,KY5 9QZ,56.128878,-3.311964,318547,693681
21440,S08000029,NHS Fife,KY5 9QZ,56.128878,-3.311964,318547,693681
21454,S08000029,NHS Fife,KY7 6ER,56.202222,-3.13242,329841,701646
21505,S08000029,NHS Fife,KY8 3HR,56.186063,-3.03005,336165,699748
21510,S08000029,NHS Fife,KY8 3RS,56.187062,-3.001577,337934,699833
21558,S08000029,NHS Fife,KY14 6DA,56.350887,-3.24019,323453,718307
21609,S08000029,NHS Fife,DD6 8DJ,56.437943,-2.935798,342396,727699
21651,S08000029,NHS Fife,KY12 9QH,56.085423,-3.567372,302562,689176
21666,S08000029,NHS Fife,KY12 9QH,56.085423,-3.567372,302562,689176
21736,S08000029,NHS Fife,KY10 2LG,56.214059,-2.729599,354846,702626
21755,S08000029,NHS Fife,KY11 2ZL,56.045465,-3.431639,310916,684546
21760,S08000029,NHS Fife,KY11 2SE,56.04009,-3.417424,311789,683930
21806,S08000029,NHS Fife,KY16 8AR,56.327485,-2.805652,350277,715303
21811,S08000029,NHS Fife,KY16 8AR,56.327485,-2.805652,350277,715303
21825,S08000029,NHS Fife,KY16 8AR,56.327485,-2.805652,350277,715303
25012,S08000019,NHS Forth Valley,FK10 3JQ,56.124693,-3.783555,289224,693873
25027,S08000019,NHS Forth Valley,FK10 3JQ,56.124693,-3.783555,289224,693873
25031,S08000019,NHS Forth Valley,FK10 3JQ,56.124693,-3.783555,289224,693873
25046,S08000019,NHS Forth Valley,FK12 5BD,56.151928,-3.803492,288064,696936
25051,S08000019,NHS Forth Valley,G63 0TS,56.068068,-4.336037,254672,688598
25065,S08000019,NHS Forth Valley,G63 9EG,55.984168,-4.305773,256244,679199
25070,S08000019,NHS Forth Valley,EH51 0DQ,56.012037,-3.613681,299490,681076
25084,S08000019,NHS Forth Valley,EH51 0DQ,56.012037,-3.613681,299490,681076
25099,S08000019,NHS Forth Valley,EH51 9UE,56.00898,-3.601038,300270,680717
25101,S08000019,NHS Forth Valley,FK9 4EU,56.153124,-3.947889,279099,697313
25116,S08000019,NHS Forth Valley,FK17 8LX,56.238052,-4.199453,263777,707233
25121,S08000019,NHS Forth Valley,FK17 8LX,56.238052,-4.199453,263777,707233
25135,S08000019,NHS Forth Valley,FK10 4JA,56.107311,-3.75112,291191,691887
25169,S08000019,NHS Forth Valley,FK7 7JD,56.104608,-3.875979,283418,691790
25173,S08000019,NHS Forth Valley,FK6 6DB,56.022845,-3.908876,281121,682748
25188,S08000019,NHS Forth Valley,FK6 6GD,56.024809,-3.907994,281182,682965
25192,S08000019,NHS Forth Valley,FK4 1ED,56.00434,-3.89349,282023,680662
25205,S08000019,NHS Forth Valley,FK4 1ED,56.00434,-3.89349,282023,680662
25210,S08000019,NHS Forth Valley,FK14 7AA,56.162286,-3.670091,296378,697880
25224,S08000019,NHS Forth Valley,FK16 6DU,56.191844,-4.05242,272735,701810
25243,S08000019,NHS Forth Valley,FK15 9AL,56.187714,-3.970004,277835,701201
25262,S08000019,NHS Forth Valley,FK2 7AZ,56.005176,-3.776151,289342,680561
25277,S08000019,NHS Forth Valley,FK1 1BA,55.997724,-3.784356,288809,679745
25281,S08000019,NHS Forth Valley,FK2 7ES,56.0032,-3.786629,288683,680358
25309,S08000019,NHS Forth Valley,FK2 7HR,56.006002,-3.784866,288801,680667
25313,S08000019,NHS Forth Valley,FK1 4PP,56.002892,-3.814472,286946,680369
25332,S08000019,NHS Forth Valley,FK3 8AN,56.019464,-3.720347,292861,682063
25347,S08000019,NHS Forth Valley,G63 9NA,56.045743,-4.372326,252328,686191
25351,S08000019,NHS Forth Valley,FK21 8TQ,56.466527,-4.316551,257377,732894
25366,S08000019,NHS Forth Valley,FK8 3DZ,56.125264,-4.172633,265043,694630
25390,S08000019,NHS Forth Valley,FK5 3BB,56.025037,-3.818264,286774,682839
25402,S08000019,NHS Forth Valley,FK5 3BB,56.025037,-3.818264,286774,682839
25436,S08000019,NHS Forth Valley,FK2 0XF,55.987399,-3.72184,292679,678497
25441,S08000019,NHS Forth Valley,FK2 0XF,55.987399,-3.72184,292679,678497
25455,S08000019,NHS Forth Valley,FK2 0XF,55.987399,-3.72184,292679,678497
25460,S08000019,NHS Forth Valley,FK2 0XF,55.987399,-3.72184,292679,678497
25474,S08000019,NHS Forth Valley,FK1 3EZ,55.936627,-3.835628,285431,673030
25506,S08000019,NHS Forth Valley,FK8 2AU,56.1068,-3.935893,279699,692137
25525,S08000019,NHS Forth Valley,FK8 1PH,56.126951,-3.940145,279498,694387
25544,S08000019,NHS Forth Valley,FK13 6AG,56.152833,-3.746799,291588,696946
25559,S08000019,NHS Forth Valley,FK9 4NJ,56.149619,-3.917477,280977,696870
25582,S08000019,NHS Forth Valley,FK8 2QR,56.114315,-3.943643,279241,692987
25597,S08000019,NHS Forth Valley,FK5 3BB,56.025037,-3.818264,286774,682839
25600,S08000019,NHS Forth Valley,FK7 0HW,56.093656,-3.921767,280537,690650
25629,S08000019,NHS Forth Valley,FK8 3UQ,56.178301,-4.381099,252291,700959
25633,S08000019,NHS Forth Valley,FK8 3NB,56.116283,-4.297842,257228,693883
25648,S08000019,NHS Forth Valley,FK5 4HT,56.027435,-3.811371,287211,683095
25652,S08000019,NHS Forth Valley,FK2 7TA,56.017093,-3.792495,288357,681913
25671,S08000019,NHS Forth Valley,FK5 3BB,56.025037,-3.818264,286774,682839
25686,S08000019,NHS Forth Valley,FK8 2QD,56.115876,-3.939372,279511,693153
25691,S08000019,NHS Forth Valley,FK8 1JU,56.120392,-3.937363,279650,693652
25737,S08000019,NHS Forth Valley,FK8 1NJ,56.121858,-3.938467,279586,693817
25864,S08000019,NHS Forth Valley,FK3 9EW,56.010875,-3.711816,293369,681094
25883,S08000019,NHS Forth Valley,FK1 5SU,55.998619,-3.792655,288294,679858
25898,S08000019,NHS Forth Valley,G63 0DP,56.067081,-4.451785,247464,688738
30030,S08000020,NHS Grampian,AB10 7QQ,57.119461,-2.133779,391998,803177
30059,S08000020,NHS Grampian,AB10 1YE,57.142566,-2.114496,393170,805747
30078,S08000020,NHS Grampian,AB25 1QB,57.148654,-2.107243,393610,806424
30082,S08000020,NHS Grampian,AB11 7XH,57.135999,-2.107561,393589,805015
30203,S08000020,NHS Grampian,AB25 2AY,57.152874,-2.137437,391784,806897
30218,S08000020,NHS Grampian,AB15 4ZT,57.14255,-2.130954,392174,805747
30256,S08000020,NHS Grampian,AB21 9DG,57.176648,-2.182264,389079,809550
30261,S08000020,NHS Grampian,AB25 2XE,57.153704,-2.144471,391359,806990
30275,S08000020,NHS Grampian,AB11 8ER,57.134622,-2.088608,394735,804860
30280,S08000020,NHS Grampian,AB21 7NQ,57.206714,-2.176338,389446,812896
30307,S08000020,NHS Grampian,AB15 7YT,57.135837,-2.141785,391517,805001
30401,S08000020,NHS Grampian,AB12 5NA,57.120827,-2.10409,393796,803326
30504,S08000020,NHS Grampian,AB24 5RS,57.163584,-2.096705,394250,808085
30627,S08000020,NHS Grampian,AB24 5AU,57.1545,-2.087176,394825,807073
30701,S08000020,NHS Grampian,AB25 3TX,57.15743,-2.107929,393570,807401
30769,S08000020,NHS Grampian,AB16 5UU,57.166396,-2.158172,390533,808405
30805,S08000020,NHS Grampian,AB25 2RS,57.151314,-2.116143,393072,806721
30909,S08000020,NHS Grampian,AB10 1NW,57.142712,-2.122114,392709,805764
30913,S08000020,NHS Grampian,AB24 3NG,57.160786,-2.102037,393927,807774
30951,S08000020,NHS Grampian,AB10 1QB,57.143886,-2.11559,393104,805894
30971,S08000020,NHS Grampian,AB10 1UT,57.145567,-2.116479,393051,806081
31009,S08000020,NHS Grampian,AB15 8TB,57.158373,-2.225261,386473,807523
31141,S08000020,NHS Grampian,AB24 2AS,57.169355,-2.12202,392720,808730
31206,S08000020,NHS Grampian,AB22 8LD,57.180134,-2.102603,393896,809928
31211,S08000020,NHS Grampian,AB21 9AN,57.178294,-2.174995,389519,809732
31230,S08000020,NHS Grampian,AB15 9LQ,57.115254,-2.181359,389116,802715
31244,S08000020,NHS Grampian,AB14 0RP,57.098937,-2.25825,384452,800914
31259,S08000020,NHS Grampian,AB22 8ZP,57.182581,-2.136902,391823,810204
31333,S08000020,NHS Grampian,AB15 9EP,57.103699,-2.211477,387288,801434
31403,S08000020,NHS Grampian,AB54 7SW,57.561126,-2.629953,362408,852512
31418,S08000020,NHS Grampian,AB45 1JD,57.669245,-2.526014,368720,864496
31437,S08000020,NHS Grampian,AB45 1JD,57.669245,-2.526014,368720,864496
31456,S08000020,NHS Grampian,AB45 2GB,57.680224,-2.696558,358559,865810
31461,S08000020,NHS Grampian,AB45 1JD,57.669245,-2.526014,368720,864496
31511,S08000020,NHS Grampian,AB43 9JW,57.692471,-2.014026,399263,866960
31531,S08000020,NHS Grampian,AB43 6NE,57.591915,-2.19833,388243,855782
31545,S08000020,NHS Grampian,AB43 9NH,57.686803,-2.019911,398912,866329
31601,S08000020,NHS Grampian,AB43 8QJ,57.601536,-1.913471,405271,856839
31615,S08000020,NHS Grampian,AB42 0QQ,57.425319,-1.920258,404888,837221
31620,S08000020,NHS Grampian,AB42 5GP,57.523765,-2.009869,399508,848178
31634,S08000020,NHS Grampian,AB42 2XA,57.502565,-1.794277,412428,845836
31719,S08000020,NHS Grampian,AB51 0JZ,57.335198,-2.33187,380120,827234
31723,S08000020,NHS Grampian,AB53 4DQ,57.536556,-2.451662,373057,849692
31808,S08000020,NHS Grampian,AB33 8FL,57.237016,-2.703618,357627,816475
31812,S08000020,NHS Grampian,AB36 8XB,57.193552,-3.035964,337493,811893
31901,S08000020,NHS Grampian,AB41 9AH,57.366499,-2.071741,395784,830672
31916,S08000020,NHS Grampian,AB41 7NX,57.336621,-2.178588,389348,827358
32001,S08000020,NHS Grampian,AB52 6JJ,57.340889,-2.612285,363244,827985
32021,S08000020,NHS Grampian,AB51 3UL,57.276567,-2.379636,377208,820722
32035,S08000020,NHS Grampian,AB51 5NB,57.234276,-2.445297,373218,816038
32092,S08000020,NHS Grampian,AB54 8EX,57.44321,-2.790357,352658,839486
32110,S08000020,NHS Grampian,AB54 4WA,57.329611,-2.833457,349916,826871
32209,S08000020,NHS Grampian,AB32 6FG,57.147896,-2.276167,383389,806368
32290,S08000020,NHS Grampian,AB34 5HQ,57.077017,-2.767607,353564,798706
32317,S08000020,NHS Grampian,AB35 5NN,57.051372,-3.039847,337017,796070
32321,S08000020,NHS Grampian,AB35 5WR,57.007698,-3.402146,314940,791602
32341,S08000020,NHS Grampian,AB31 4JQ,57.107333,-2.620494,362513,801990
32406,S08000020,NHS Grampian,AB31 5XS,57.050788,-2.500966,369707,795636
32411,S08000020,NHS Grampian,AB12 4QP,57.060567,-2.12552,392486,796620
32425,S08000020,NHS Grampian,AB39 2EL,56.966612,-2.211908,387214,786174
32500,S08000020,NHS Grampian,AB30 1XU,56.9003,-2.448564,372776,778862
32514,S08000020,NHS Grampian,DD10 0RU,56.845467,-2.282025,382895,772704
32529,S08000020,NHS Grampian,AB30 1GX,56.831782,-2.475521,371081,771246
32586,S08000020,NHS Grampian,AB56 1JE,57.671608,-2.966173,342467,865048
32622,S08000020,NHS Grampian,AB56 1FP,57.667906,-2.982788,341470,864650
32707,S08000020,NHS Grampian,IV30 6GQ,57.636152,-3.293228,322884,861426
32711,S08000020,NHS Grampian,IV30 1NE,57.646991,-3.320256,321294,862664
32750,S08000020,NHS Grampian,IV32 7EP,57.612391,-3.092362,334834,858570
32764,S08000020,NHS Grampian,IV31 6TU,57.71532,-3.30537,322329,870253
32779,S08000020,NHS Grampian,IV30 1AT,57.647413,-3.325516,320981,862717
32801,S08000020,NHS Grampian,IV36 1JG,57.603162,-3.621921,303173,858176
32815,S08000020,NHS Grampian,IV36 1JG,57.603162,-3.621921,303173,858176
32904,S08000020,NHS Grampian,AB55 5DJ,57.541807,-2.954015,342989,850588
33004,S08000020,NHS Grampian,AB38 9PR,57.469361,-3.224174,326672,842783
33019,S08000020,NHS Grampian,AB37 9AN,57.353999,-3.355359,318548,830091
33057,S08000020,NHS Grampian,AB55 4FJ,57.445494,-3.124038,332634,840022
38012,S08000025,NHS Orkney,KW15 1NZ,58.973685,-2.965433,344591,1010014
38027,S08000025,NHS Orkney,KW16 3AD,58.964651,-3.297044,325506,1009331
38051,S08000025,NHS Orkney,KW17 2SN,58.825187,-2.961034,344606,993476
38084,S08000025,NHS Orkney,KW17 2PU,59.131799,-2.987347,343591,1027638
38205,S08000025,NHS Orkney,KW15 1NZ,58.973685,-2.965433,344591,1010014
38210,S08000025,NHS Orkney,KW17 2HH,59.067176,-3.231606,329480,1020675
38239,S08000025,NHS Orkney,KW15 1NZ,58.973685,-2.965433,344591,1010014
39015,S08000026,NHS Shetland,ZE2 9BX,60.601003,-1.068964,451087,1191204
39020,S08000026,NHS Shetland,ZE2 9AE,60.351855,-1.016543,454372,1163498
39034,S08000026,NHS Shetland,ZE2 9RW,60.478444,-1.482284,428560,1177304
39049,S08000026,NHS Shetland,ZE2 9QJ,60.386098,-1.345301,436192,1167086
39053,S08000026,NHS Shetland,ZE2 9PS,60.261116,-1.149768,447151,1153290
39068,S08000026,NHS Shetland,ZE2 9NA,60.253539,-1.404213,433078,1152292
39072,S08000026,NHS Shetland,ZE2 9HX,59.971705,-1.272447,440717,1120978
39087,S08000026,NHS Shetland,ZE1 0TN,60.139886,-1.273413,440457,1139707
39091,S08000026,NHS Shetland,ZE1 0RB,60.151439,-1.153403,447106,1141073
39161,S08000026,NHS Shetland,ZE2 9DY,60.75868,-0.881017,461080,1208925
40008,S08000031,NHS Greater Glasgow and Clyde,G13 1JE,55.895018,-4.326967,254588,669324
40012,S08000031,NHS Greater Glasgow and Clyde,G12 8ED,55.877734,-4.288536,256927,667321
40027,S08000031,NHS Greater Glasgow and Clyde,G61 3RD,55.921277,-4.334719,254202,672262
40031,S08000031,NHS Greater Glasgow and Clyde,G3 7UA,55.866793,-4.289203,256845,666105
40046,S08000031,NHS Greater Glasgow and Clyde,G81 2TQ,55.912875,-4.405456,249750,671479
40051,S08000031,NHS Greater Glasgow and Clyde,G13 2UP,55.891617,-4.331929,254265,668956
40065,S08000031,NHS Greater Glasgow and Clyde,G60 5JG,55.924671,-4.459349,246429,672910
40070,S08000031,NHS Greater Glasgow and Clyde,G11 5PE,55.871063,-4.304737,255889,666612
40084,S08000031,NHS Greater Glasgow and Clyde,G14 0EA,55.885427,-4.36226,252345,668332
40101,S08000031,NHS Greater Glasgow and Clyde,G61 2DN,55.916551,-4.322143,254970,671710
40116,S08000031,NHS Greater Glasgow and Clyde,G14 9SS,55.8835,-4.357282,252649,668107
40121,S08000031,NHS Greater Glasgow and Clyde,G11 7AD,55.8725,-4.323414,254726,666811
40140,S08000031,NHS Greater Glasgow and Clyde,G12 9LD,55.879057,-4.300973,256154,667494
40154,S08000031,NHS Greater Glasgow and Clyde,G4 9BL,55.871218,-4.271258,257984,666560
40173,S08000031,NHS Greater Glasgow and Clyde,G62 6BT,55.939615,-4.318352,255293,674268
40188,S08000031,NHS Greater Glasgow and Clyde,G12 9PN,55.877658,-4.306582,255798,667350
40192,S08000031,NHS Greater Glasgow and Clyde,G11 5NG,55.871209,-4.305593,255836,666630
40210,S08000031,NHS Greater Glasgow and Clyde,G14 9UU,55.874609,-4.339686,253716,667080
40224,S08000031,NHS Greater Glasgow and Clyde,G81 2TQ,55.912875,-4.405456,249750,671479
40239,S08000031,NHS Greater Glasgow and Clyde,G61 2SY,55.918104,-4.331727,254377,671903
40262,S08000031,NHS Greater Glasgow and Clyde,G81 2TQ,55.912875,-4.405456,249750,671479
40277,S08000031,NHS Greater Glasgow and Clyde,G11 7SY,55.871163,-4.314702,255266,666644
40281,S08000031,NHS Greater Glasgow and Clyde,G15 6EG,55.9061,-4.355149,252868,670617
40296,S08000031,NHS Greater Glasgow and Clyde,G11 5LL,55.871146,-4.309874,255568,666632
40313,S08000031,NHS Greater Glasgow and Clyde,G14 9DW,55.879193,-4.350531,253055,667613
40328,S08000031,NHS Greater Glasgow and Clyde,G3 7UA,55.866793,-4.289203,256845,666105
40332,S08000031,NHS Greater Glasgow and Clyde,G13 2SW,55.894418,-4.338574,253860,669282
40351,S08000031,NHS Greater Glasgow and Clyde,G12 9JE,55.878556,-4.305628,255861,667448
40385,S08000031,NHS Greater Glasgow and Clyde,G62 8BT,55.942168,-4.315446,255484,674546
40390,S08000031,NHS Greater Glasgow and Clyde,G13 4PU,55.897112,-4.370298,251887,669649
40402,S08000031,NHS Greater Glasgow and Clyde,G61 2SY,55.918104,-4.331727,254377,671903
40417,S08000031,NHS Greater Glasgow and Clyde,G14 9UT,55.874458,-4.33915,253749,667062
40421,S08000031,NHS Greater Glasgow and Clyde,G15 7TS,55.909744,-4.371037,251889,671056
40436,S08000031,NHS Greater Glasgow and Clyde,G15 7TS,55.909744,-4.371037,251889,671056
40441,S08000031,NHS Greater Glasgow and Clyde,G3 6JB,55.869016,-4.270121,258047,666313
40455,S08000031,NHS Greater Glasgow and Clyde,G3 8ND,55.864391,-4.283725,257179,665826
40460,S08000031,NHS Greater Glasgow and Clyde,G12 8ND,55.873977,-4.283727,257214,666893
40493,S08000031,NHS Greater Glasgow and Clyde,G14 0XT,55.886269,-4.361145,252418,668423
40525,S08000031,NHS Greater Glasgow and Clyde,G14 0NT,55.889156,-4.381406,251162,668788
40544,S08000031,NHS Greater Glasgow and Clyde,G15 7TS,55.909744,-4.371037,251889,671056
40559,S08000031,NHS Greater Glasgow and Clyde,G15 7TS,55.909744,-4.371037,251889,671056
40563,S08000031,NHS Greater Glasgow and Clyde,G14 9XL,55.87798,-4.348473,253179,667474
40578,S08000031,NHS Greater Glasgow and Clyde,G14 9DR,55.878359,-4.348384,253186,667516
40582,S08000031,NHS Greater Glasgow and Clyde,G81 2TQ,55.912875,-4.405456,249750,671479
40629,S08000031,NHS Greater Glasgow and Clyde,G14 9PS,55.875253,-4.340812,253648,667154
40691,S08000031,NHS Greater Glasgow and Clyde,G81 2TQ,55.912875,-4.405456,249750,671479
40703,S08000031,NHS Greater Glasgow and Clyde,G81 2TQ,55.912875,-4.405456,249750,671479
40718,S08000031,NHS Greater Glasgow and Clyde,G12 8SP,55.874178,-4.293682,256592,666936
40722,S08000031,NHS Greater Glasgow and Clyde,G15 7TS,55.909744,-4.371037,251889,671056
43011,S08000031,NHS Greater Glasgow and Clyde,G20 8FB,55.889909,-4.292741,256709,668684
43030,S08000031,NHS Greater Glasgow and Clyde,G66 1DH,55.939201,-4.161064,265114,673904
43044,S08000031,NHS Greater Glasgow and Clyde,G66 1JB,55.939379,-4.15555,265459,673913
43059,S08000031,NHS Greater Glasgow and Clyde,G64 1PJ,55.904187,-4.221141,261237,670127
43063,S08000031,NHS Greater Glasgow and Clyde,G21 1TR,55.882764,-4.229161,260659,667759
43082,S08000031,NHS Greater Glasgow and Clyde,G20 7ER,55.879669,-4.271112,258024,667500
43097,S08000031,NHS Greater Glasgow and Clyde,G21 1TR,55.882764,-4.229161,260659,667759
43100,S08000031,NHS Greater Glasgow and Clyde,G66 1NH,55.937356,-4.155809,265436,673688
43114,S08000031,NHS Greater Glasgow and Clyde,G66 1DN,55.939236,-4.159805,265193,673905
43129,S08000031,NHS Greater Glasgow and Clyde,G21 1TR,55.882764,-4.229161,260659,667759
43133,S08000031,NHS Greater Glasgow and Clyde,G21 4AH,55.876285,-4.227396,260746,667035
43167,S08000031,NHS Greater Glasgow and Clyde,G20 7ER,55.879669,-4.271112,258024,667500
43171,S08000031,NHS Greater Glasgow and Clyde,G64 1PJ,55.904187,-4.221141,261237,670127
43186,S08000031,NHS Greater Glasgow and Clyde,G20 7ER,55.879669,-4.271112,258024,667500
43191,S08000031,NHS Greater Glasgow and Clyde,G20 7ER,55.879669,-4.271112,258024,667500
43203,S08000031,NHS Greater Glasgow and Clyde,G20 6HS,55.875782,-4.271845,257964,667069
43218,S08000031,NHS Greater Glasgow and Clyde,G20 7ER,55.879669,-4.271112,258024,667500
43222,S08000031,NHS Greater Glasgow and Clyde,G64 1NF,55.898248,-4.215603,261562,669455
43237,S08000031,NHS Greater Glasgow and Clyde,G22 5AP,55.881094,-4.254054,259096,667624
43256,S08000031,NHS Greater Glasgow and Clyde,G22 5AP,55.881094,-4.254054,259096,667624
43261,S08000031,NHS Greater Glasgow and Clyde,G66 7JJ,55.974456,-4.201948,262686,677907
43275,S08000031,NHS Greater Glasgow and Clyde,G21 3RW,55.892301,-4.201397,262429,668765
43294,S08000031,NHS Greater Glasgow and Clyde,G22 5SS,55.885434,-4.25213,259232,668103
43307,S08000031,NHS Greater Glasgow and Clyde,G22 7JL,55.898736,-4.245207,259713,669569
43311,S08000031,NHS Greater Glasgow and Clyde,G20 8FB,55.889909,-4.292741,256709,668684
43326,S08000031,NHS Greater Glasgow and Clyde,G22 6BD,55.886865,-4.234735,260325,668227
43345,S08000031,NHS Greater Glasgow and Clyde,G66 3BF,55.934566,-4.151712,265682,673370
43415,S08000031,NHS Greater Glasgow and Clyde,G66 1DG,55.939984,-4.158978,265247,673987
43453,S08000031,NHS Greater Glasgow and Clyde,G20 7ER,55.879669,-4.271112,258024,667500
43468,S08000031,NHS Greater Glasgow and Clyde,G20 7ER,55.879669,-4.271112,258024,667500
43487,S08000031,NHS Greater Glasgow and Clyde,G21 1TR,55.882764,-4.229161,260659,667759
43504,S08000031,NHS Greater Glasgow and Clyde,G21 1TR,55.882764,-4.229161,260659,667759
43538,S08000031,NHS Greater Glasgow and Clyde,G22 5AP,55.881094,-4.254054,259096,667624
43542,S08000031,NHS Greater Glasgow and Clyde,G22 5AP,55.881094,-4.254054,259096,667624
43557,S08000031,NHS Greater Glasgow and Clyde,G64 2AA,55.903496,-4.227295,260850,670062
43576,S08000031,NHS Greater Glasgow and Clyde,G20 8FB,55.889909,-4.292741,256709,668684
46019,S08000031,NHS Greater Glasgow and Clyde,G31 2ES,55.865482,-4.231607,260444,665841
46023,S08000031,NHS Greater Glasgow and Clyde,G40 2DA,55.852469,-4.227886,260630,664386
46057,S08000031,NHS Greater Glasgow and Clyde,G33 1EY,55.878683,-4.194487,262813,667236
46061,S08000031,NHS Greater Glasgow and Clyde,G31 2ES,55.865482,-4.231607,260444,665841
46081,S08000031,NHS Greater Glasgow and Clyde,G32 7JZ,55.852288,-4.169899,264259,664251
46095,S08000031,NHS Greater Glasgow and Clyde,G31 5BA,55.852443,-4.19456,262716,664316
46108,S08000031,NHS Greater Glasgow and Clyde,G31 2TE,55.862775,-4.213824,261547,665504
46112,S08000031,NHS Greater Glasgow and Clyde,G33 3TU,55.875431,-4.162158,264824,666810
46127,S08000031,NHS Greater Glasgow and Clyde,G31 2XE,55.858694,-4.221342,261062,665065
46131,S08000031,NHS Greater Glasgow and Clyde,G31 4UW,55.849054,-4.190356,262967,663931
46146,S08000031,NHS Greater Glasgow and Clyde,G32 6JP,55.859249,-4.194416,262749,665073
46151,S08000031,NHS Greater Glasgow and Clyde,G40 3LJ,55.84616,-4.205465,262011,663639
46165,S08000031,NHS Greater Glasgow and Clyde,G32 7JZ,55.852288,-4.169899,264259,664251
46184,S08000031,NHS Greater Glasgow and Clyde,G40 1HA,55.848107,-4.227272,260653,663899
46201,S08000031,NHS Greater Glasgow and Clyde,G32 6NB,55.861632,-4.166741,264489,665284
46216,S08000031,NHS Greater Glasgow and Clyde,G69 7AD,55.848882,-4.116476,267591,663768
46221,S08000031,NHS Greater Glasgow and Clyde,G34 9HQ,55.868922,-4.125974,267065,666016
46235,S08000031,NHS Greater Glasgow and Clyde,G31 5BA,55.852443,-4.19456,262716,664316
46240,S08000031,NHS Greater Glasgow and Clyde,G34 9HQ,55.868922,-4.125974,267065,666016
46292,S08000031,NHS Greater Glasgow and Clyde,G32 6NB,55.861632,-4.166741,264489,665284
46305,S08000031,NHS Greater Glasgow and Clyde,G69 7AD,55.848882,-4.116476,267591,663768
46339,S08000031,NHS Greater Glasgow and Clyde,G31 5RA,55.849794,-4.19118,262918,664015
46343,S08000031,NHS Greater Glasgow and Clyde,G32 8UH,55.843562,-4.171614,264121,663283
46377,S08000031,NHS Greater Glasgow and Clyde,G33 2EH,55.865816,-4.194352,262776,665804
46381,S08000031,NHS Greater Glasgow and Clyde,G40 2DA,55.852469,-4.227886,260630,664386
46396,S08000031,NHS Greater Glasgow and Clyde,G40 2DA,55.852469,-4.227886,260630,664386
46428,S08000031,NHS Greater Glasgow and Clyde,G40 2DA,55.852469,-4.227886,260630,664386
46447,S08000031,NHS Greater Glasgow and Clyde,G40 2DA,55.852469,-4.227886,260630,664386
46451,S08000031,NHS Greater Glasgow and Clyde,G34 9HQ,55.868922,-4.125974,267065,666016
46471,S08000031,NHS Greater Glasgow and Clyde,G34 9HQ,55.868922,-4.125974,267065,666016
46521,S08000031,NHS Greater Glasgow and Clyde,G33 3AL,55.863262,-4.1808,263615,665493
46555,S08000031,NHS Greater Glasgow and Clyde,G40 2DA,55.852469,-4.227886,260630,664386
46560,S08000031,NHS Greater Glasgow and Clyde,G31 1QS,55.857094,-4.216841,261338,664878
46574,S08000031,NHS Greater Glasgow and Clyde,G40 2DA,55.852469,-4.227886,260630,664386
46606,S08000031,NHS Greater Glasgow and Clyde,G40 2DA,55.852469,-4.227886,260630,664386
46611,S08000031,NHS Greater Glasgow and Clyde,G40 2DA,55.852469,-4.227886,260630,664386
49041,S08000031,NHS Greater Glasgow and Clyde,G42 7DR,55.837253,-4.258209,258677,662755
49074,S08000031,NHS Greater Glasgow and Clyde,G5 9AB,55.848299,-4.252763,259058,663972
49093,S08000031,NHS Greater Glasgow and Clyde,G5 9RP,55.843405,-4.262589,258425,663448
49106,S08000031,NHS Greater Glasgow and Clyde,G44 5JT,55.809791,-4.242061,259589,659666
49130,S08000031,NHS Greater Glasgow and Clyde,G42 9JT,55.826214,-4.265185,258200,661541
49144,S08000031,NHS Greater Glasgow and Clyde,G41 5RU,55.83941,-4.275743,257587,663030
49159,S08000031,NHS Greater Glasgow and Clyde,G76 7HN,55.793314,-4.282451,256998,657915
49178,S08000031,NHS Greater Glasgow and Clyde,G42 7DR,55.837253,-4.258209,258677,662755
49197,S08000031,NHS Greater Glasgow and Clyde,G76 7BU,55.785383,-4.274695,257455,657017
49200,S08000031,NHS Greater Glasgow and Clyde,G41 3YT,55.827724,-4.283873,257035,661747
49214,S08000031,NHS Greater Glasgow and Clyde,G76 7HN,55.793314,-4.282451,256998,657915
49248,S08000031,NHS Greater Glasgow and Clyde,G44 3DH,55.814619,-4.266472,258077,660253
49267,S08000031,NHS Greater Glasgow and Clyde,G42 7AF,55.840395,-4.259651,258598,663107
49271,S08000031,NHS Greater Glasgow and Clyde,G41 3RG,55.828364,-4.28883,256727,661828
49286,S08000031,NHS Greater Glasgow and Clyde,G42 8QD,55.835661,-4.271194,257858,662604
49318,S08000031,NHS Greater Glasgow and Clyde,G41 3YA,55.8302,-4.279754,257302,662014
49337,S08000031,NHS Greater Glasgow and Clyde,G77 5BQ,55.772314,-4.330377,253915,655679
49375,S08000031,NHS Greater Glasgow and Clyde,G42 0EH,55.828249,-4.234245,260145,661704
49411,S08000031,NHS Greater Glasgow and Clyde,G44 4JE,55.81912,-4.236611,259964,660693
49445,S08000031,NHS Greater Glasgow and Clyde,G76 7HN,55.793314,-4.282451,256998,657915
49464,S08000031,NHS Greater Glasgow and Clyde,G77 5LU,55.775035,-4.313828,254963,655947
49553,S08000031,NHS Greater Glasgow and Clyde,G41 3PT,55.826023,-4.287096,256827,661564
49568,S08000031,NHS Greater Glasgow and Clyde,G77 6GR,55.782754,-4.347077,252907,656876
49604,S08000031,NHS Greater Glasgow and Clyde,G5 9AB,55.848299,-4.252763,259058,663972
49619,S08000031,NHS Greater Glasgow and Clyde,G76 7HN,55.793314,-4.282451,256998,657915
49623,S08000031,NHS Greater Glasgow and Clyde,G76 7BX,55.787458,-4.275262,257427,657249
49638,S08000031,NHS Greater Glasgow and Clyde,G76 7HN,55.793314,-4.282451,256998,657915
49661,S08000031,NHS Greater Glasgow and Clyde,G41 1NX,55.845283,-4.274521,257685,663681
49676,S08000031,NHS Greater Glasgow and Clyde,G41 1NX,55.845283,-4.274521,257685,663681
49681,S08000031,NHS Greater Glasgow and Clyde,G42 9LQ,55.828081,-4.259929,258536,661737
49712,S08000031,NHS Greater Glasgow and Clyde,G41 3YA,55.8302,-4.279754,257302,662014
49751,S08000031,NHS Greater Glasgow and Clyde,G45 9AW,55.805791,-4.234939,260021,659207
49765,S08000031,NHS Greater Glasgow and Clyde,G44 5JT,55.809791,-4.242061,259589,659666
49770,S08000031,NHS Greater Glasgow and Clyde,G44 4JE,55.81912,-4.236611,259964,660693
49784,S08000031,NHS Greater Glasgow and Clyde,G76 7NW,55.793952,-4.287816,256664,657998
52005,S08000031,NHS Greater Glasgow and Clyde,G51 1SL,55.852007,-4.299357,256155,664481
52010,S08000031,NHS Greater Glasgow and Clyde,G44 5DQ,55.810576,-4.246798,259295,659763
52024,S08000031,NHS Greater Glasgow and Clyde,G52 2AZ,55.850768,-4.357248,252527,664465
52039,S08000031,NHS Greater Glasgow and Clyde,G42 7DR,55.837253,-4.258209,258677,662755
52043,S08000031,NHS Greater Glasgow and Clyde,G53 5QD,55.832228,-4.340877,253482,662367
52058,S08000031,NHS Greater Glasgow and Clyde,G51 1AT,55.852234,-4.295392,256404,664498
52062,S08000031,NHS Greater Glasgow and Clyde,G51 4BJ,55.860359,-4.326491,254488,665467
52096,S08000031,NHS Greater Glasgow and Clyde,G51 4BJ,55.860359,-4.326491,254488,665467
52109,S08000031,NHS Greater Glasgow and Clyde,G51 1RN,55.850744,-4.304923,255802,664352
52128,S08000031,NHS Greater Glasgow and Clyde,G41 1HU,55.852835,-4.279244,257417,664531
52147,S08000031,NHS Greater Glasgow and Clyde,G46 8DH,55.806602,-4.330878,254012,659495
52151,S08000031,NHS Greater Glasgow and Clyde,G41 3UJ,55.831746,-4.286073,256912,662199
52185,S08000031,NHS Greater Glasgow and Clyde,G52 3SS,55.84544,-4.342294,253443,663840
52202,S08000031,NHS Greater Glasgow and Clyde,G51 1HS,55.854175,-4.279497,257406,664681
52217,S08000031,NHS Greater Glasgow and Clyde,G41 1HU,55.852835,-4.279244,257417,664531
52221,S08000031,NHS Greater Glasgow and Clyde,G46 8NY,55.807151,-4.318463,254792,659530
52241,S08000031,NHS Greater Glasgow and Clyde,G52 3QN,55.84621,-4.336125,253832,663913
52255,S08000031,NHS Greater Glasgow and Clyde,G46 8NY,55.807151,-4.318463,254792,659530
52260,S08000031,NHS Greater Glasgow and Clyde,G41 1HU,55.852835,-4.279244,257417,664531
52293,S08000031,NHS Greater Glasgow and Clyde,G53 6EQ,55.822744,-4.346452,253097,661324
52330,S08000031,NHS Greater Glasgow and Clyde,G51 4BJ,55.860359,-4.326491,254488,665467
52344,S08000031,NHS Greater Glasgow and Clyde,G53 7FY,55.82943,-4.359613,252298,662096
52359,S08000031,NHS Greater Glasgow and Clyde,G51 4BJ,55.860359,-4.326491,254488,665467
52382,S08000031,NHS Greater Glasgow and Clyde,G43 1RR,55.82651,-4.296447,256243,661638
52397,S08000031,NHS Greater Glasgow and Clyde,G43 1RR,55.82651,-4.296447,256243,661638
52400,S08000031,NHS Greater Glasgow and Clyde,G53 6EQ,55.822744,-4.346452,253097,661324
52414,S08000031,NHS Greater Glasgow and Clyde,G52 3SS,55.84544,-4.342294,253443,663840
55003,S08000022,NHS Highland,KW14 7DH,58.59153,-3.525843,311403,968069
55037,S08000022,NHS Highland,KW14 7AR,58.592108,-3.522161,311618,968128
55041,S08000022,NHS Highland,IV12 5EE,57.578125,-3.87256,288120,855775
55075,S08000022,NHS Highland,KW6 6EZ,58.246608,-3.439329,315609,929558
55080,S08000022,NHS Highland,KW14 8TY,58.591973,-3.389361,319336,967946
55094,S08000022,NHS Highland,KW3 6BQ,58.301947,-3.285726,324743,935536
55131,S08000022,NHS Highland,KW1 5EL,58.441607,-3.08837,336561,950881
55145,S08000022,NHS Highland,KW1 5EL,58.441607,-3.08837,336561,950881
55183,S08000022,NHS Highland,KW14 7SA,58.55121,-4.08562,278729,964456
55201,S08000022,NHS Highland,IV25 3LS,57.878251,-4.028127,279819,889447
55215,S08000022,NHS Highland,IV27 4PN,58.568202,-4.750419,240131,967740
55220,S08000022,NHS Highland,KW10 6TH,57.974485,-3.977236,283150,900069
55249,S08000022,NHS Highland,IV27 4DD,58.023551,-4.397178,258511,906334
55253,S08000022,NHS Highland,IV27 4JZ,58.153985,-5.239163,209497,922922
55268,S08000022,NHS Highland,IV27 4RP,58.458076,-5.043472,222538,956222
55272,S08000022,NHS Highland,IV27 4XB,58.477629,-4.417458,259128,956914
55287,S08000022,NHS Highland,KW9 6QJ,58.012411,-3.85283,290623,904082
55291,S08000022,NHS Highland,IV24 3EP,57.889873,-4.343526,261163,891345
55338,S08000022,NHS Highland,IV17 0UN,57.695048,-4.248213,266092,869470
55342,S08000022,NHS Highland,IV54 8LS,57.426735,-5.820607,170733,843825
55357,S08000022,NHS Highland,IV22 2HU,57.835819,-5.577123,187745,888534
55361,S08000022,NHS Highland,IV11 8YF,57.681395,-4.036857,278642,867552
55376,S08000022,NHS Highland,IV15 9QS,57.593883,-4.418008,255572,858560
55381,S08000022,NHS Highland,IV10 8SY,57.581973,-4.132064,272618,856661
55395,S08000022,NHS Highland,IV54 8YD,57.398775,-5.497404,189965,839670
55408,S08000022,NHS Highland,IV8 8NG,57.550418,-4.26097,264795,853399
55412,S08000022,NHS Highland,IV14 9AG,57.585951,-4.543687,248029,857952
55427,S08000022,NHS Highland,IV19 1EU,57.809327,-4.064586,277423,881841
55431,S08000022,NHS Highland,IV19 1EU,57.809327,-4.064586,277423,881841
55446,S08000022,NHS Highland,IV22 2EZ,57.546808,-5.51302,189880,856185
55451,S08000022,NHS Highland,IV26 2XL,57.902082,-5.157526,212987,894667
55516,S08000022,NHS Highland,IV49 9AA,57.246596,-5.909475,164249,824094
55521,S08000022,NHS Highland,IV47 8ST,57.296056,-6.338487,138738,831162
55535,S08000022,NHS Highland,IV55 8GU,57.428707,-6.566759,125990,846810
55540,S08000022,NHS Highland,IV44 8RF,57.097699,-5.867711,165826,807390
55554,S08000022,NHS Highland,IV40 8JD,57.21361,-5.619633,181529,819458
55569,S08000022,NHS Highland,IV40 8AE,57.280772,-5.715016,176181,827238
55573,S08000022,NHS Highland,IV51 9BZ,57.411301,-6.19233,148327,843425
55605,S08000022,NHS Highland,PH33 7AQ,56.839283,-5.078611,212305,776206
55610,S08000022,NHS Highland,PH33 7AQ,56.839283,-5.078611,212305,776206
55624,S08000022,NHS Highland,PH33 7AQ,56.839283,-5.078611,212305,776206
55639,S08000022,NHS Highland,PH50 4QU,56.71641,-4.963992,218702,762227
55643,S08000022,NHS Highland,PA80 5XT,56.538731,-5.779146,167750,744922
55662,S08000022,NHS Highland,PH36 4JU,56.747938,-5.803179,167565,768271
55677,S08000022,NHS Highland,PH42 4RL,56.90188,-6.142749,147855,786594
55696,S08000022,NHS Highland,IV4 7EA,57.482664,-4.458933,252678,846271
55709,S08000022,NHS Highland,IV4 7DT,57.484545,-4.459744,252637,846482
55728,S08000022,NHS Highland,IV63 6UL,57.328587,-4.475571,251056,829161
55732,S08000022,NHS Highland,PH32 4BH,57.14276,-4.684988,237636,808962
55747,S08000022,NHS Highland,IV2 6YB,57.253984,-4.494541,249610,820901
55751,S08000022,NHS Highland,IV2 7LL,57.487274,-4.143474,271603,846143
55766,S08000022,NHS Highland,IV2 7LL,57.487274,-4.143474,271603,846143
55817,S08000022,NHS Highland,IV2 3BG,57.47436,-4.217789,267102,844849
55836,S08000022,NHS Highland,IV3 8HH,57.481775,-4.23749,265948,845713
55841,S08000022,NHS Highland,IV3 5PW,57.470202,-4.231412,266270,844413
55860,S08000022,NHS Highland,IV3 8PB,57.473389,-4.255807,264819,844816
55874,S08000022,NHS Highland,IV2 4XA,57.47167,-4.219593,266984,844553
55889,S08000022,NHS Highland,IV2 3PF,57.464632,-4.202226,268000,843736
55893,S08000022,NHS Highland,IV2 3NF,57.478402,-4.218984,267045,845301
55911,S08000022,NHS Highland,PH22 1SY,57.197898,-3.827742,289662,813382
55925,S08000022,NHS Highland,PH26 3HR,57.335109,-3.605068,303475,828315
55930,S08000022,NHS Highland,PH21 1ET,57.081098,-4.053695,275620,800772
55944,S08000022,NHS Highland,PH20 1AH,57.020182,-4.285769,261329,794440
56006,S08000022,NHS Highland,IV2 4AG,57.472337,-4.223569,266748,844635
56011,S08000022,NHS Highland,IV2 4TP,57.464908,-4.210563,267501,843783
56025,S08000022,NHS Highland,PH49 4JB,56.676795,-5.130797,208296,758274
56030,S08000022,NHS Highland,PH41 4RN,57.003976,-5.830971,167464,796841
60054,S08000032,NHS Lanarkshire,G69 9DW,55.903334,-4.107864,268315,669810
60069,S08000032,NHS Lanarkshire,G69 0LB,55.911253,-4.088593,269546,670655
60073,S08000032,NHS Lanarkshire,G33 6HA,55.891231,-4.14493,265956,668535
60088,S08000032,NHS Lanarkshire,G33 6EY,55.891608,-4.144999,265953,668577
60092,S08000032,NHS Lanarkshire,G73 2PQ,55.823511,-4.209978,261648,661128
60105,S08000032,NHS Lanarkshire,G73 2PQ,55.823511,-4.209978,261648,661128
60110,S08000032,NHS Lanarkshire,G73 2PQ,55.823511,-4.209978,261648,661128
60124,S08000032,NHS Lanarkshire,G72 8HA,55.819878,-4.17786,263647,660660
60139,S08000032,NHS Lanarkshire,G73 2PQ,55.823511,-4.209978,261648,661128
60143,S08000032,NHS Lanarkshire,G72 8AT,55.819275,-4.173852,263896,660585
60158,S08000032,NHS Lanarkshire,G73 2LD,55.826053,-4.21753,261184,661426
60162,S08000032,NHS Lanarkshire,G72 7EX,55.819448,-4.165851,264398,660589
60177,S08000032,NHS Lanarkshire,G72 8RW,55.811738,-4.146539,265581,659693
60181,S08000032,NHS Lanarkshire,G73 2PQ,55.823511,-4.209978,261648,661128
60196,S08000032,NHS Lanarkshire,G73 2PQ,55.823511,-4.209978,261648,661128
60209,S08000032,NHS Lanarkshire,G72 8HA,55.819878,-4.17786,263647,660660
60213,S08000032,NHS Lanarkshire,ML1 1TA,55.785823,-3.98464,275643,656507
61038,S08000032,NHS Lanarkshire,ML6 7AG,55.867495,-3.953444,277855,665539
61061,S08000032,NHS Lanarkshire,ML6 6DB,55.865882,-3.978454,276285,665404
61131,S08000032,NHS Lanarkshire,ML6 6DB,55.865882,-3.978454,276285,665404
61151,S08000032,NHS Lanarkshire,ML6 6DB,55.865882,-3.978454,276285,665404
61170,S08000032,NHS Lanarkshire,ML6 6DB,55.865882,-3.978454,276285,665404
61216,S08000032,NHS Lanarkshire,ML5 4BY,55.853931,-4.029708,273039,664167
61240,S08000032,NHS Lanarkshire,ML5 3AP,55.859703,-4.026003,273290,664803
61288,S08000032,NHS Lanarkshire,ML5 3AP,55.859703,-4.026003,273290,664803
61305,S08000032,NHS Lanarkshire,G67 2ES,55.953291,-3.970963,277031,675117
61324,S08000032,NHS Lanarkshire,G67 4DN,55.932867,-4.026742,273482,672945
61339,S08000032,NHS Lanarkshire,G67 1BJ,55.946371,-3.987202,275995,674376
61343,S08000032,NHS Lanarkshire,G67 1BJ,55.946371,-3.987202,275995,674376
61358,S08000032,NHS Lanarkshire,G67 1BP,55.940491,-3.997061,275360,673739
61377,S08000032,NHS Lanarkshire,G67 3BE,55.959964,-3.951701,278254,675825
61381,S08000032,NHS Lanarkshire,G67 3BE,55.959964,-3.951701,278254,675825
61409,S08000032,NHS Lanarkshire,ML5 2RY,55.896387,-4.057196,271459,668942
61447,S08000032,NHS Lanarkshire,ML5 3AP,55.859703,-4.026003,273290,664803
61451,S08000032,NHS Lanarkshire,ML5 3AP,55.859703,-4.026003,273290,664803
61466,S08000032,NHS Lanarkshire,ML5 3BJ,55.861681,-4.024348,273400,665020
61485,S08000032,NHS Lanarkshire,ML5 3BJ,55.861681,-4.024348,273400,665020
61502,S08000032,NHS Lanarkshire,G65 9JE,55.977913,-4.06246,271401,678023
61625,S08000032,NHS Lanarkshire,ML6 6DB,55.865882,-3.978454,276285,665404
61630,S08000032,NHS Lanarkshire,ML6 6DB,55.865882,-3.978454,276285,665404
61644,S08000032,NHS Lanarkshire,G74 3BE,55.771365,-4.153665,264995,655215
62011,S08000032,NHS Lanarkshire,ML4 1DQ,55.819189,-4.009083,274218,660264
62031,S08000032,NHS Lanarkshire,ML4 1QD,55.818782,-4.010573,274123,660221
62045,S08000032,NHS Lanarkshire,ML1 4LT,55.815347,-3.977484,276185,659779
62050,S08000032,NHS Lanarkshire,ML4 1PS,55.818889,-4.012287,274016,660236
62115,S08000032,NHS Lanarkshire,ML1 5AG,55.809265,-3.950924,277830,659055
62120,S08000032,NHS Lanarkshire,ML1 4TH,55.821887,-3.974831,276372,660502
62219,S08000032,NHS Lanarkshire,ML8 4BA,55.735186,-3.836687,284770,650616
62223,S08000032,NHS Lanarkshire,ML8 4BA,55.735186,-3.836687,284770,650616
62238,S08000032,NHS Lanarkshire,ML11 7DH,55.674317,-3.771986,288659,643737
62312,S08000032,NHS Lanarkshire,ML12 6BE,55.622579,-3.519646,304401,637603
62346,S08000032,NHS Lanarkshire,ML11 8AJ,55.765089,-3.685718,294329,653703
62510,S08000032,NHS Lanarkshire,ML11 0PX,55.555702,-3.847318,283571,630662
62596,S08000032,NHS Lanarkshire,ML6 8SR,55.845425,-3.948263,278110,663074
62609,S08000032,NHS Lanarkshire,ML1 3JX,55.791572,-3.997207,274873,657169
62628,S08000032,NHS Lanarkshire,ML11 9SB,55.667548,-3.916802,279532,643226
62632,S08000032,NHS Lanarkshire,ML11 0DB,55.6413,-3.886381,281366,640253
62666,S08000032,NHS Lanarkshire,ML2 7LP,55.774972,-3.920574,279626,655186
62671,S08000032,NHS Lanarkshire,ML2 7LP,55.774972,-3.920574,279626,655186
62685,S08000032,NHS Lanarkshire,ML1 1TB,55.785104,-3.984261,275664,656426
62690,S08000032,NHS Lanarkshire,ML1 1TB,55.785104,-3.984261,275664,656426
62702,S08000032,NHS Lanarkshire,ML1 1TB,55.785104,-3.984261,275664,656426
62717,S08000032,NHS Lanarkshire,ML1 2PJ,55.782151,-3.98073,275876,656091
62736,S08000032,NHS Lanarkshire,ML1 1TB,55.785104,-3.984261,275664,656426
62806,S08000032,NHS Lanarkshire,ML2 9AX,55.783186,-3.878765,282273,656028
62811,S08000032,NHS Lanarkshire,ML2 9AX,55.783186,-3.878765,282273,656028
62830,S08000032,NHS Lanarkshire,ML2 9AX,55.783186,-3.878765,282273,656028
62844,S08000032,NHS Lanarkshire,ML7 5QE,55.859469,-3.752181,290426,664309
62897,S08000032,NHS Lanarkshire,ML7 5DS,55.817916,-3.789593,287965,659745
62914,S08000032,NHS Lanarkshire,ML2 7LP,55.774972,-3.920574,279626,655186
62933,S08000032,NHS Lanarkshire,ML2 7LP,55.774972,-3.920574,279626,655186
62967,S08000032,NHS Lanarkshire,ML2 7LP,55.774972,-3.920574,279626,655186
62986,S08000032,NHS Lanarkshire,ML7 4DS,55.82313,-3.81061,286663,660359
62991,S08000032,NHS Lanarkshire,ML7 4AR,55.820229,-3.80623,286929,660029
63033,S08000032,NHS Lanarkshire,G72 0BS,55.790459,-4.092729,268881,657222
63052,S08000032,NHS Lanarkshire,G72 0BS,55.790459,-4.092729,268881,657222
63118,S08000032,NHS Lanarkshire,G71 8ET,55.804855,-4.071608,270253,658784
63231,S08000032,NHS Lanarkshire,G74 1AD,55.762495,-4.176253,263547,654272
63245,S08000032,NHS Lanarkshire,G74 1AD,55.762495,-4.176253,263547,654272
63250,S08000032,NHS Lanarkshire,G74 1AD,55.762495,-4.176253,263547,654272
63264,S08000032,NHS Lanarkshire,G74 1AD,55.762495,-4.176253,263547,654272
63279,S08000032,NHS Lanarkshire,G75 8TT,55.744982,-4.206525,261586,652383
63283,S08000032,NHS Lanarkshire,G74 1AD,55.762495,-4.176253,263547,654272
63298,S08000032,NHS Lanarkshire,G74 1AD,55.762495,-4.176253,263547,654272
63301,S08000032,NHS Lanarkshire,G75 0RT,55.75269,-4.185396,262939,653199
63320,S08000032,NHS Lanarkshire,G74 3HW,55.772259,-4.152595,265065,655312
63334,S08000032,NHS Lanarkshire,G72 0BS,55.790459,-4.092729,268881,657222
63419,S08000032,NHS Lanarkshire,ML3 0NQ,55.781453,-4.068325,270381,656174
63423,S08000032,NHS Lanarkshire,ML3 7JY,55.768979,-4.03766,272263,654729
63438,S08000032,NHS Lanarkshire,ML3 9TZ,55.771221,-4.07341,270028,655045
63442,S08000032,NHS Lanarkshire,ML3 7EN,55.773159,-4.031629,272655,655183
63457,S08000032,NHS Lanarkshire,ML3 0DR,55.778721,-4.051723,271413,655839
63461,S08000032,NHS Lanarkshire,ML3 9AQ,55.778866,-4.057551,271048,655866
63476,S08000032,NHS Lanarkshire,ML3 7QQ,55.762256,-4.043685,271863,653992
63481,S08000032,NHS Lanarkshire,ML3 8AA,55.761275,-4.048049,271586,653891
63508,S08000032,NHS Lanarkshire,G74 3BE,55.771365,-4.153665,264995,655215
63512,S08000032,NHS Lanarkshire,ML9 1EX,55.736823,-3.972762,276232,651033
63527,S08000032,NHS Lanarkshire,ML9 1DZ,55.74029,-3.974004,276165,651421
63546,S08000032,NHS Lanarkshire,ML1 5JU,55.81356,-3.944117,278270,659521
63616,S08000032,NHS Lanarkshire,ML9 2BJ,55.739813,-3.972694,276246,651366
63724,S08000032,NHS Lanarkshire,ML10 6AS,55.677908,-4.06373,270326,644644
63739,S08000032,NHS Lanarkshire,ML10 6AS,55.677908,-4.06373,270326,644644
63813,S08000032,NHS Lanarkshire,G71 7NE,55.817464,-4.071608,270295,660187
63828,S08000032,NHS Lanarkshire,G71 5SU,55.829193,-4.056009,271311,661463
63832,S08000032,NHS Lanarkshire,G71 5RR,55.829057,-4.058237,271171,661452
63902,S08000032,NHS Lanarkshire,ML2 7LP,55.774972,-3.920574,279626,655186
63917,S08000032,NHS Lanarkshire,ML11 8HJ,55.698537,-3.625727,297919,646207
70022,S08000024,NHS Lothian,EH5 3AH,55.97276,-3.20135,325120,676181
70037,S08000024,NHS Lothian,EH10 4RP,55.925853,-3.208493,324583,670968
70075,S08000024,NHS Lothian,EH10 6QT,55.90655,-3.210068,324447,668822
70094,S08000024,NHS Lothian,EH3 6EH,55.957193,-3.20774,324691,674455
70107,S08000024,NHS Lothian,EH3 9QQ,55.943998,-3.206401,324749,672986
70111,S08000024,NHS Lothian,EH12 8XP,55.951366,-3.303807,318681,673916
70126,S08000024,NHS Lothian,EH15 3LL,55.940339,-3.116534,330355,672484
70131,S08000024,NHS Lothian,EH13 0LB,55.9089,-3.252741,321784,669131
70164,S08000024,NHS Lothian,EH17 7AB,55.907302,-3.133916,329209,668825
70179,S08000024,NHS Lothian,EH6 8HQ,55.97027,-3.171009,327009,675871
70198,S08000024,NHS Lothian,EH16 4DT,55.932597,-3.135823,329136,671642
70215,S08000024,NHS Lothian,EH16 4DT,55.932597,-3.135823,329136,671642
70220,S08000024,NHS Lothian,EH12 7TB,55.940228,-3.290175,319509,672660
70234,S08000024,NHS Lothian,EH5 3EL,55.976209,-3.201489,325118,676565
70253,S08000024,NHS Lothian,EH11 3RA,55.927877,-3.271183,320670,671264
70268,S08000024,NHS Lothian,EH7 5EG,55.957862,-3.174686,326756,674494
70272,S08000024,NHS Lothian,EH5 3AH,55.97276,-3.20135,325120,676181
70291,S08000024,NHS Lothian,EH16 5QU,55.921206,-3.159637,327627,670399
70319,S08000024,NHS Lothian,EH3 7EB,55.949393,-3.216016,324159,673596
70323,S08000024,NHS Lothian,EH10 4EY,55.935684,-3.207086,324690,672061
70357,S08000024,NHS Lothian,EH3 5PY,55.969418,-3.207752,324714,675816
70361,S08000024,NHS Lothian,EH12 7UN,55.940757,-3.288128,319638,672717
70376,S08000024,NHS Lothian,EH16 6JT,55.909272,-3.163073,327390,669074
70381,S08000024,NHS Lothian,EH8 9DX,55.945442,-3.183884,326158,673122
70408,S08000024,NHS Lothian,EH3 6EH,55.957193,-3.20774,324691,674455
70412,S08000024,NHS Lothian,EH9 1AG,55.935099,-3.193349,325547,671981
70427,S08000024,NHS Lothian,EH15 3LL,55.940339,-3.116534,330355,672484
70451,S08000024,NHS Lothian,EH3 9HW,55.942591,-3.20088,325091,672823
70470,S08000024,NHS Lothian,EH16 5HQ,55.934814,-3.167792,327143,671922
70499,S08000024,NHS Lothian,EH7 4AT,55.960826,-3.183889,326187,674834
70501,S08000024,NHS Lothian,EH12 5QX,55.943527,-3.245998,322275,672977
70516,S08000024,NHS Lothian,EH16 6RN,55.903836,-3.156816,327771,668463
70521,S08000024,NHS Lothian,EH7 4AT,55.960826,-3.183889,326187,674834
70535,S08000024,NHS Lothian,EH4 3TH,55.9599,-3.256503,321652,674811
70569,S08000024,NHS Lothian,EH7 6UJ,55.964615,-3.156706,327891,675227
70573,S08000024,NHS Lothian,EH5 2LY,55.975218,-3.238043,322835,676495
70588,S08000024,NHS Lothian,EH17 7PR,55.916535,-3.151786,328109,669871
70592,S08000024,NHS Lothian,EH8 9AL,55.945981,-3.188129,325894,673186
70605,S08000024,NHS Lothian,EH15 1NY,55.947558,-3.120056,330148,673291
70610,S08000024,NHS Lothian,EH13 9AF,55.911031,-3.237003,322772,669350
70639,S08000024,NHS Lothian,EH16 5TY,55.925106,-3.166267,327220,670840
70643,S08000024,NHS Lothian,EH10 4RP,55.925853,-3.208493,324583,670968
70658,S08000024,NHS Lothian,EH8 7RX,55.954556,-3.140807,328865,674091
70662,S08000024,NHS Lothian,EH4 4PL,55.970143,-3.254208,321816,675948
70709,S08000024,NHS Lothian,EH4 5BP,55.963666,-3.273318,320610,675249
70747,S08000024,NHS Lothian,EH6 4NY,55.974943,-3.187445,325992,676409
70766,S08000024,NHS Lothian,EH9 1JA,55.939287,-3.196023,325388,672450
70785,S08000024,NHS Lothian,EH7 6RU,55.956285,-3.133045,329353,674275
70790,S08000024,NHS Lothian,EH10 5ER,55.930131,-3.211619,324396,671448
70841,S08000024,NHS Lothian,EH8 9RU,55.944567,-3.181439,326309,673022
70893,S08000024,NHS Lothian,EH16 5TY,55.925106,-3.166267,327220,670840
70906,S08000024,NHS Lothian,EH11 4AU,55.923473,-3.286018,319734,670791
70911,S08000024,NHS Lothian,EH11 4AU,55.923473,-3.286018,319734,670791
70925,S08000024,NHS Lothian,EH14 4AS,55.909385,-3.320682,317538,669264
70930,S08000024,NHS Lothian,EH14 5QB,55.895609,-3.314873,317872,667724
70959,S08000024,NHS Lothian,EH11 4AU,55.923473,-3.286018,319734,670791
70978,S08000024,NHS Lothian,EH14 3JF,55.912198,-3.282349,319940,669532
70982,S08000024,NHS Lothian,EH6 5JA,55.97165,-3.174862,326771,676029
70997,S08000024,NHS Lothian,EH14 1NQ,55.934164,-3.238846,322703,671927
71011,S08000024,NHS Lothian,EH3 9QQ,55.943998,-3.206401,324749,672986
71025,S08000024,NHS Lothian,EH12 5SS,55.943,-3.256292,321631,672930
71082,S08000024,NHS Lothian,EH11 2JL,55.938335,-3.22662,323475,672378
71097,S08000024,NHS Lothian,EH13 9AF,55.911031,-3.237003,322772,669350
71114,S08000024,NHS Lothian,EH6 4EG,55.978536,-3.182971,326278,676804
71129,S08000024,NHS Lothian,EH4 6NS,55.977167,-3.29953,319002,676782
71222,S08000024,NHS Lothian,EH3 9QQ,55.943998,-3.206401,324749,672986
71326,S08000024,NHS Lothian,EH3 5EU,55.961669,-3.198924,325250,674944
71364,S08000024,NHS Lothian,EH6 6TL,55.974694,-3.176893,326650,676370
71379,S08000024,NHS Lothian,EH9 1JZ,55.939824,-3.194407,325490,672508
71398,S08000024,NHS Lothian,EH6 8BW,55.969166,-3.164246,327429,675741
76000,S08000024,NHS Lothian,EH41 3NF,55.956908,-2.77681,351596,674038
76029,S08000024,NHS Lothian,EH31 2HP,56.035089,-2.826794,348579,682775
76033,S08000024,NHS Lothian,EH21 7BP,55.938652,-3.053009,334320,672234
76048,S08000024,NHS Lothian,EH21 7BP,55.938652,-3.053009,334320,672234
76052,S08000024,NHS Lothian,EH32 0JU,55.969104,-2.960447,340149,675539
76071,S08000024,NHS Lothian,EH41 3NF,55.956908,-2.77681,351596,674038
76086,S08000024,NHS Lothian,EH42 1EE,55.999552,-2.512882,368110,678630
76103,S08000024,NHS Lothian,EH41 3NF,55.956908,-2.77681,351596,674038
76122,S08000024,NHS Lothian,EH32 9QS,55.956396,-2.975684,339178,674138
76137,S08000024,NHS Lothian,EH39 4PU,56.055446,-2.716758,355459,684964
76141,S08000024,NHS Lothian,EH21 7BP,55.938652,-3.053009,334320,672234
76161,S08000024,NHS Lothian,EH42 1EE,55.999552,-2.512882,368110,678630
76180,S08000024,NHS Lothian,EH42 1EE,55.999552,-2.512882,368110,678630
76194,S08000024,NHS Lothian,EH40 3DP,55.984435,-2.65666,359127,677023
76211,S08000024,NHS Lothian,EH35 5AB,55.910583,-2.950717,340667,669018
76226,S08000024,NHS Lothian,EH33 2JX,55.942478,-2.951558,340663,672568
77036,S08000024,NHS Lothian,EH26 8EZ,55.83657,-3.217409,323851,661042
77055,S08000024,NHS Lothian,EH19 2ET,55.878454,-3.107772,330792,665588
77074,S08000024,NHS Lothian,EH19 2ET,55.878454,-3.107772,330792,665588
77089,S08000024,NHS Lothian,EH28 8RA,55.923103,-3.377974,313987,670860
77093,S08000024,NHS Lothian,EH25 9NT,55.85678,-3.175706,326501,663246
77106,S08000024,NHS Lothian,EH22 4AA,55.867559,-3.049346,334429,664318
77111,S08000024,NHS Lothian,EH26 8LF,55.828184,-3.221266,323593,660113
77125,S08000024,NHS Lothian,EH37 5PP,55.8625,-2.961936,339891,663676
77159,S08000024,NHS Lothian,EH23 4TP,55.843117,-3.049051,334406,661598
77197,S08000024,NHS Lothian,EH22 1AP,55.894233,-3.067561,333335,667304
77200,S08000024,NHS Lothian,EH22 1LX,55.912761,-3.106782,330915,669405
77271,S08000024,NHS Lothian,EH19 2ET,55.878454,-3.107772,330792,665588
77286,S08000024,NHS Lothian,EH20 9LA,55.878875,-3.154428,327874,665683
78010,S08000024,NHS Lothian,EH54 8PY,55.902203,-3.547662,303332,668759
78024,S08000024,NHS Lothian,EH53 0EW,55.895633,-3.462497,308641,667912
78043,S08000024,NHS Lothian,EH47 9JD,55.829539,-3.704191,293347,660903
78062,S08000024,NHS Lothian,EH52 5LH,55.932866,-3.483957,307388,672084
78077,S08000024,NHS Lothian,EH48 2SS,55.897724,-3.647044,297107,668404
78109,S08000024,NHS Lothian,EH47 9JD,55.829539,-3.704191,293347,660903
78113,S08000024,NHS Lothian,EH52 5LH,55.932866,-3.483957,307388,672084
78128,S08000024,NHS Lothian,EH48 2SS,55.897724,-3.647044,297107,668404
78132,S08000024,NHS Lothian,EH48 2SS,55.897724,-3.647044,297107,668404
78147,S08000024,NHS Lothian,EH55 8EJ,55.849739,-3.578322,301282,662964
78166,S08000024,NHS Lothian,EH49 7ER,55.976172,-3.60762,299775,677076
78171,S08000024,NHS Lothian,EH30 9HA,55.989844,-3.399057,312820,678314
78185,S08000024,NHS Lothian,EH48 3SS,55.885536,-3.758913,290078,667220
78190,S08000024,NHS Lothian,EH47 0SD,55.867033,-3.689021,294399,665052
78241,S08000024,NHS Lothian,EH48 3QB,55.899586,-3.699137,293855,668690
78255,S08000024,NHS Lothian,EH54 6TP,55.892808,-3.522838,304861,667679
78260,S08000024,NHS Lothian,EH54 6QQ,55.879785,-3.508404,305732,666210
78306,S08000024,NHS Lothian,EH52 5LH,55.932866,-3.483957,307388,672084
78311,S08000024,NHS Lothian,EH54 5DY,55.897703,-3.494465,306647,668185
78325,S08000024,NHS Lothian,EH54 8PY,55.902203,-3.547662,303332,668759
78330,S08000024,NHS Lothian,EH47 7LL,55.874626,-3.620187,298726,665794
78344,S08000024,NHS Lothian,EH54 9JZ,55.87029,-3.507105,305790,665152
78359,S08000024,NHS Lothian,EH29 9AS,55.955201,-3.405337,312350,674467
78382,S08000024,NHS Lothian,EH29 9AS,55.955201,-3.405337,312350,674467
80005,S08000015,NHS Ayrshire and Arran,KA22 8BS,55.639796,-4.81497,222926,642066
80010,S08000015,NHS Ayrshire and Arran,KA22 7DX,55.650658,-4.806196,223527,643252
80058,S08000015,NHS Ayrshire and Arran,KA8 8DD,55.471734,-4.626606,234071,622904
80062,S08000015,NHS Ayrshire and Arran,KA7 2AQ,55.459337,-4.635462,233459,621546
80077,S08000015,NHS Ayrshire and Arran,KA7 1UQ,55.458677,-4.630214,233788,621460
80081,S08000015,NHS Ayrshire and Arran,KA7 1UL,55.460273,-4.632087,233676,621642
80096,S08000015,NHS Ayrshire and Arran,KA7 2DF,55.458345,-4.634763,233499,621434
80109,S08000015,NHS Ayrshire and Arran,KA7 1BJ,55.463868,-4.633798,233583,622046
80113,S08000015,NHS Ayrshire and Arran,KA7 1UL,55.460273,-4.632087,233676,621642
80132,S08000015,NHS Ayrshire and Arran,KA26 0NB,55.101211,-5.004898,208388,582658
80147,S08000015,NHS Ayrshire and Arran,KA15 2AE,55.75176,-4.634041,234784,654075
80166,S08000015,NHS Ayrshire and Arran,KA2 0LE,55.611898,-4.548039,239608,638313
80171,S08000015,NHS Ayrshire and Arran,KA18 1BF,55.453045,-4.26675,256745,620024
80185,S08000015,NHS Ayrshire and Arran,KA26 9SH,55.276211,-4.726404,226912,601396
80202,S08000015,NHS Ayrshire and Arran,KA6 7QL,55.322979,-4.398685,247904,605833
80217,S08000015,NHS Ayrshire and Arran,KA24 4AF,55.706777,-4.723201,228993,649287
80255,S08000015,NHS Ayrshire and Arran,KA2 9HF,55.576804,-4.5937,236587,634515
80260,S08000015,NHS Ayrshire and Arran,KA4 8HW,55.60025,-4.379056,250205,636639
80274,S08000015,NHS Ayrshire and Arran,KA26 9HQ,55.248303,-4.846997,219127,598598
80289,S08000015,NHS Ayrshire and Arran,KA26 9HQ,55.248303,-4.846997,219127,598598
80306,S08000015,NHS Ayrshire and Arran,KA11 1JU,55.619246,-4.634656,234185,639334
80330,S08000015,NHS Ayrshire and Arran,KA12 8TJ,55.631161,-4.674999,231696,640757
80344,S08000015,NHS Ayrshire and Arran,KA12 0AY,55.614124,-4.664107,232309,638835
80363,S08000015,NHS Ayrshire and Arran,KA25 6HS,55.747214,-4.685828,231515,653694
80378,S08000015,NHS Ayrshire and Arran,KA3 7AE,55.60935,-4.490104,243246,637897
80397,S08000015,NHS Ayrshire and Arran,KA1 2DJ,55.608402,-4.504514,242335,637824
80400,S08000015,NHS Ayrshire and Arran,KA1 1RU,55.605766,-4.501536,242512,637524
80414,S08000015,NHS Ayrshire and Arran,KA1 2BD,55.608619,-4.50392,242373,637847
80467,S08000015,NHS Ayrshire and Arran,KA19 7BY,55.3547,-4.681547,230097,610017
80491,S08000015,NHS Ayrshire and Arran,KA19 7BY,55.3547,-4.681547,230097,610017
80518,S08000015,NHS Ayrshire and Arran,KA18 4BA,55.393524,-4.179869,262031,613226
80522,S08000015,NHS Ayrshire and Arran,KA6 7LX,55.360744,-4.500883,241572,610263
80537,S08000015,NHS Ayrshire and Arran,KA9 1AQ,55.501313,-4.612882,235062,626162
80541,S08000015,NHS Ayrshire and Arran,KA9 1AW,55.502288,-4.608924,235316,626261
80556,S08000015,NHS Ayrshire and Arran,KA21 5LX,55.634822,-4.783992,224853,641434
80561,S08000015,NHS Ayrshire and Arran,PA17 5AR,55.867857,-4.885295,219558,667618
80594,S08000015,NHS Ayrshire and Arran,KA3 5BP,55.681155,-4.513077,242089,645938
80607,S08000015,NHS Ayrshire and Arran,KA10 6BQ,55.54419,-4.667077,231823,631062
80611,S08000015,NHS Ayrshire and Arran,KA10 6QR,55.544947,-4.665284,231939,631142
80626,S08000015,NHS Ayrshire and Arran,KA10 6QN,55.546225,-4.659462,232312,631270
80631,S08000015,NHS Ayrshire and Arran,KA23 9AR,55.694776,-4.857862,220479,648293
80679,S08000015,NHS Ayrshire and Arran,KA28 0DE,55.753638,-4.926852,216421,655021
80698,S08000015,NHS Ayrshire and Arran,KA12 9DY,55.626636,-4.66413,232361,640227
80701,S08000015,NHS Ayrshire and Arran,KA20 3AB,55.640617,-4.756585,226603,642010
80720,S08000015,NHS Ayrshire and Arran,KA6 7AY,55.434351,-4.460687,244409,618361
80749,S08000015,NHS Ayrshire and Arran,KA5 6RU,55.502829,-4.331337,252847,625698
80753,S08000015,NHS Ayrshire and Arran,KA13 6BL,55.652878,-4.700554,230182,643235
80768,S08000015,NHS Ayrshire and Arran,KA13 6EH,55.653813,-4.701763,230110,643342
80772,S08000015,NHS Ayrshire and Arran,KA18 2AY,55.470538,-4.294573,255050,622028
80787,S08000015,NHS Ayrshire and Arran,KA17 0HD,55.610063,-4.290398,255826,637543
80842,S08000015,NHS Ayrshire and Arran,KA7 3PR,55.443161,-4.607154,235181,619679
80857,S08000015,NHS Ayrshire and Arran,KA30 8LH,55.797995,-4.866447,220415,659797
80895,S08000015,NHS Ayrshire and Arran,KA20 3AA,55.640715,-4.756327,226620,642020
80908,S08000015,NHS Ayrshire and Arran,KA1 2DL,55.607857,-4.503892,242372,637762
80927,S08000015,NHS Ayrshire and Arran,KA27 8NS,55.525894,-5.134223,202267,630258
84006,S08000022,NHS Highland,PA38 4DE,56.554915,-5.40564,190792,745520
84030,S08000022,NHS Highland,PA28 6AT,55.422105,-5.605517,171933,620159
84063,S08000022,NHS Highland,PA28 6QG,55.586373,-5.494274,179889,638069
84097,S08000022,NHS Highland,PA78 6SY,56.623393,-6.527557,122393,757120
84129,S08000022,NHS Highland,PA61 7YW,56.070946,-6.189633,139359,694374
84191,S08000022,NHS Highland,PA37 1PH,56.4543,-5.387933,191327,734274
84237,S08000022,NHS Highland,PA23 7HW,55.95198,-4.928022,217282,677089
84241,S08000022,NHS Highland,PA23 8BG,55.950372,-4.926491,217370,676906
84256,S08000022,NHS Highland,PA23 7HW,55.95198,-4.928022,217282,677089
84275,S08000022,NHS Highland,PA34 4TL,56.30335,-5.594405,177732,718132
84307,S08000022,NHS Highland,PA32 8XN,56.154921,-5.183908,202353,700370
84331,S08000022,NHS Highland,PA43 7JD,55.755788,-6.279235,131615,659676
84345,S08000022,NHS Highland,PA42 7DR,55.630435,-6.188179,136481,645389
84350,S08000022,NHS Highland,PA48 7UD,55.744947,-6.374898,125541,658846
84383,S08000022,NHS Highland,PA60 7XG,55.849139,-5.94721,153026,668819
84415,S08000022,NHS Highland,PA31 8JZ,56.040348,-5.422946,186881,688338
84449,S08000022,NHS Highland,PA24 8AA,56.172255,-4.902915,219880,701528
84504,S08000022,NHS Highland,PA72 6JL,56.51984,-5.941222,157671,743382
84519,S08000022,NHS Highland,PA75 6PN,56.619948,-6.075392,150085,754996
84523,S08000022,NHS Highland,PA67 6DG,56.318271,-6.233929,138296,722042
84581,S08000022,NHS Highland,PA34 4HE,56.409287,-5.469034,186079,729517
84646,S08000022,NHS Highland,PA20 9JL,55.830699,-5.055773,208712,663943
84684,S08000022,NHS Highland,PA27 8BX,56.174978,-5.082104,208773,702314
84716,S08000022,NHS Highland,PA23 8SE,56.00024,-4.951944,216018,682521
84740,S08000022,NHS Highland,PA29 6TY,55.863559,-5.417975,186217,668659
84773,S08000022,NHS Highland,PA21 2BE,55.900041,-5.241423,197451,672185
84805,S08000022,NHS Highland,PA77 6UN,56.494772,-6.843854,101999,744150
84810,S08000022,NHS Highland,PA29 6XD,55.600899,-5.684218,168010,640304
85009,S08000022,NHS Highland,G83 7AE,56.194168,-4.748143,229583,703572
85032,S08000031,NHS Greater Glasgow and Clyde,G82 1PW,55.946192,-4.573953,239359,675565
85047,S08000031,NHS Greater Glasgow and Clyde,G82 1PW,55.946192,-4.573953,239359,675565
85066,S08000031,NHS Greater Glasgow and Clyde,G82 1PW,55.946192,-4.573953,239359,675565
85071,S08000031,NHS Greater Glasgow and Clyde,G82 1PW,55.946192,-4.573953,239359,675565
85085,S08000031,NHS Greater Glasgow and Clyde,G82 1PW,55.946192,-4.573953,239359,675565
85090,S08000031,NHS Greater Glasgow and Clyde,G82 1PW,55.946192,-4.573953,239359,675565
85117,S08000022,NHS Highland,G84 0SL,56.083852,-4.833998,223753,691515
85141,S08000022,NHS Highland,G84 7QL,56.004318,-4.730167,229862,682406
85155,S08000022,NHS Highland,G84 7QL,56.004318,-4.730167,229862,682406
85193,S08000022,NHS Highland,G84 0JL,55.985968,-4.818278,224286,680585
85225,S08000031,NHS Greater Glasgow and Clyde,G83 0UA,55.993086,-4.591825,238439,680824
85230,S08000031,NHS Greater Glasgow and Clyde,G83 0NB,55.987125,-4.579063,239210,680131
85259,S08000031,NHS Greater Glasgow and Clyde,G83 0UE,55.993443,-4.584664,238887,680847
85403,S08000031,NHS Greater Glasgow and Clyde,G83 0UA,55.993086,-4.591825,238439,680824
86001,S08000031,NHS Greater Glasgow and Clyde,PA19 1AQ,55.961256,-4.8164,224291,677831
86040,S08000031,NHS Greater Glasgow and Clyde,PA15 4LY,55.945989,-4.766612,227330,676007
86054,S08000031,NHS Greater Glasgow and Clyde,PA15 4LY,55.945989,-4.766612,227330,676007
86162,S08000031,NHS Greater Glasgow and Clyde,PA15 4LY,55.945989,-4.766612,227330,676007
86177,S08000031,NHS Greater Glasgow and Clyde,PA16 8HW,55.948917,-4.767911,227262,676336
86181,S08000031,NHS Greater Glasgow and Clyde,PA15 4DG,55.94634,-4.7693,227164,676053
86196,S08000031,NHS Greater Glasgow and Clyde,PA13 4AP,55.892924,-4.625766,235899,669760
86209,S08000031,NHS Greater Glasgow and Clyde,PA13 4LE,55.893363,-4.627923,235766,669814
86228,S08000031,NHS Greater Glasgow and Clyde,PA15 4LY,55.945989,-4.766612,227330,676007
86271,S08000031,NHS Greater Glasgow and Clyde,PA14 5EW,55.934437,-4.685932,232317,674523
86285,S08000031,NHS Greater Glasgow and Clyde,PA14 5EW,55.934437,-4.685932,232317,674523
86317,S08000031,NHS Greater Glasgow and Clyde,PA14 5EW,55.934437,-4.685932,232317,674523
86321,S08000031,NHS Greater Glasgow and Clyde,PA14 5EW,55.934437,-4.685932,232317,674523
86336,S08000031,NHS Greater Glasgow and Clyde,PA14 5UD,55.924546,-4.663732,233661,673369
86341,S08000031,NHS Greater Glasgow and Clyde,PA15 4DG,55.94634,-4.7693,227164,676053
86355,S08000031,NHS Greater Glasgow and Clyde,PA15 4LY,55.945989,-4.766612,227330,676007
87019,S08000031,NHS Greater Glasgow and Clyde,G78 1SW,55.802455,-4.386976,250481,659153
87023,S08000031,NHS Greater Glasgow and Clyde,G78 3HJ,55.783875,-4.424516,248056,657168
87108,S08000031,NHS Greater Glasgow and Clyde,G78 1SW,55.802455,-4.386976,250481,659153
87112,S08000031,NHS Greater Glasgow and Clyde,PA7 5AW,55.904316,-4.502155,243673,670741
87146,S08000031,NHS Greater Glasgow and Clyde,PA6 7AR,55.871361,-4.540447,241145,667162
87165,S08000031,NHS Greater Glasgow and Clyde,G78 1SW,55.802455,-4.386976,250481,659153
87184,S08000031,NHS Greater Glasgow and Clyde,PA8 7JQ,55.899656,-4.443671,247310,670092
87235,S08000031,NHS Greater Glasgow and Clyde,PA8 7AF,55.905096,-4.448493,247030,670708
87240,S08000031,NHS Greater Glasgow and Clyde,PA8 6BS,55.908367,-4.465213,245998,671109
87292,S08000031,NHS Greater Glasgow and Clyde,PA5 8EY,55.834156,-4.513935,242653,662962
87305,S08000031,NHS Greater Glasgow and Clyde,PA5 8PZ,55.833464,-4.514992,242584,662887
87324,S08000031,NHS Greater Glasgow and Clyde,PA5 8SU,55.836461,-4.517645,242430,663227
87339,S08000031,NHS Greater Glasgow and Clyde,PA5 8SL,55.837485,-4.514613,242624,663334
87343,S08000031,NHS Greater Glasgow and Clyde,PA5 8PZ,55.833464,-4.514992,242584,662887
87409,S08000031,NHS Greater Glasgow and Clyde,PA3 3DB,55.848103,-4.489273,244253,664458
87432,S08000031,NHS Greater Glasgow and Clyde,PA12 4AH,55.794095,-4.630725,235171,658777
87466,S08000031,NHS Greater Glasgow and Clyde,PA2 6LR,55.837895,-4.42347,248332,663176
87471,S08000031,NHS Greater Glasgow and Clyde,PA1 1UB,55.841472,-4.421857,248447,663570
87485,S08000031,NHS Greater Glasgow and Clyde,PA3 1NT,55.849182,-4.453474,246498,664498
87490,S08000031,NHS Greater Glasgow and Clyde,PA1 2PS,55.844479,-4.439583,247349,663944
87502,S08000031,NHS Greater Glasgow and Clyde,PA2 6LW,55.837474,-4.423875,248305,663130
87517,S08000031,NHS Greater Glasgow and Clyde,PA2 8DX,55.823468,-4.431978,247743,661590
87521,S08000031,NHS Greater Glasgow and Clyde,PA3 4AD,55.848611,-4.420144,248582,664361
87541,S08000031,NHS Greater Glasgow and Clyde,PA3 4AD,55.848611,-4.420144,248582,664361
87555,S08000031,NHS Greater Glasgow and Clyde,PA1 3QS,55.84726,-4.415012,248898,664199
87560,S08000031,NHS Greater Glasgow and Clyde,PA3 2DY,55.850274,-4.426079,248217,664559
87574,S08000031,NHS Greater Glasgow and Clyde,PA3 2HQ,55.848246,-4.428668,248047,664339
87606,S08000031,NHS Greater Glasgow and Clyde,PA3 4AD,55.848611,-4.420144,248582,664361
87625,S08000031,NHS Greater Glasgow and Clyde,PA1 1SU,55.840612,-4.418082,248680,663466
87697,S08000031,NHS Greater Glasgow and Clyde,PA4 8RU,55.881391,-4.383874,250978,667929
87700,S08000031,NHS Greater Glasgow and Clyde,PA4 8RU,55.881391,-4.383874,250978,667929
87714,S08000031,NHS Greater Glasgow and Clyde,PA4 8RU,55.881391,-4.383874,250978,667929
87729,S08000031,NHS Greater Glasgow and Clyde,PA5 8PZ,55.833464,-4.514992,242584,662887
90031,S08000028,NHS Western Isles,HS1 2PS,58.212332,-6.37331,143232,933179
90098,S08000028,NHS Western Isles,HS3 3BG,57.902065,-6.814201,114897,900455
90101,S08000028,NHS Western Isles,HS5 3UA,57.767634,-7.015927,101849,886383
90115,S08000028,NHS Western Isles,HS6 5AE,57.604972,-7.162904,91739,868963
90120,S08000028,NHS Western Isles,HS7 5QA,57.442822,-7.358463,78648,851852
90134,S08000028,NHS Western Isles,HS8 5SS,57.165111,-7.372195,75383,821058
90149,S08000028,NHS Western Isles,HS9 5XD,56.955611,-7.487706,66533,798337
90172,S08000028,NHS Western Isles,HS1 2XB,58.208757,-6.386169,142451,932831
90204,S08000028,NHS Western Isles,HS2 9JP,58.151824,-6.502631,135193,926952
21830,S08000029,NHS Fife,KY16 8AR,56.327485,-2.805652,350277,715303
21524,S08000029,NHS Fife,KY8 3RS,56.187062,-3.001577,337934,699833
55304,S08000022,NHS Highland,IV27 4RP,58.458076,-5.043472,222538,956222
56523,S08000022,NHS Highland,IV49 9AA,57.246596,-5.909475,164249,824094
18625,S08000017,NHS Dumfries and Galloway,DG8 6NR,54.95962,-4.480468,241279,565592
40737,S08000031,NHS Greater Glasgow and Clyde,G14 9SS,55.8835,-4.357282,252649,668107
60228,S08000032,NHS Lanarkshire,ML5 2RY,55.896387,-4.057196,271459,668942
10746,S08000030,NHS Tayside,PH13 9DD,56.544881,-3.26572,322273,739927
20269,S08000029,NHS Fife,KY5 0JE,56.14649,-3.26368,321584,695585
49801,S08000031,NHS Greater Glasgow and Clyde,G41 1NX,55.845283,-4.274521,257685,663681
61659,S08000032,NHS Lanarkshire,ML6 6DB,55.865882,-3.978454,276285,665404
71401,S08000024,NHS Lothian,EH4 7NX,55.959233,-3.288021,319683,674773
25968,S08000019,NHS Forth Valley,FK8 3NB,56.116283,-4.297842,257228,693883
86360,S08000031,NHS Greater Glasgow and Clyde,PA15 4LY,55.945989,-4.766612,227330,676007
33061,S08000020,NHS Grampian,AB37 9AN,57.353999,-3.355359,318548,830091
78397,S08000024,NHS Lothian,EH54 8PY,55.902203,-3.547662,303332,668759
30773,S08000020,NHS Grampian,AB16 5UU,57.166396,-2.158172,390533,808405
71420,S08000024,NHS Lothian,EH28 8RH,55.920508,-3.387339,313396,670583
63890,S08000032,NHS Lanarkshire,ML2 9AX,55.783186,-3.878765,282273,656028
71434,S08000024,NHS Lothian,EH12 8XP,55.951366,-3.303807,318681,673916
80970,S08000015,NHS Ayrshire and Arran,KA3 2QS,55.639417,-4.530851,240802,641335
52429,S08000031,NHS Greater Glasgow and Clyde,G43 1RR,55.82651,-4.296447,256243,661638
56538,S08000022,NHS Highland,IV11 8YF,57.681395,-4.036857,278642,867552
25972,S08000019,NHS Forth Valley,FK10 3JQ,56.124693,-3.783555,289224,693873
43581,S08000031,NHS Greater Glasgow and Clyde,G66 3BF,55.934566,-4.151712,265682,673370
30294,S08000020,NHS Grampian,AB11 8ER,57.134622,-2.088608,394735,804860
71449,S08000024,NHS Lothian,EH10 4RP,55.925853,-3.208493,324583,670968
81012,S08000015,NHS Ayrshire and Arran,KA20 3AB,55.640617,-4.756585,226603,642010
78414,S08000024,NHS Lothian,EH47 9JD,55.829539,-3.704191,293347,660903
25991,S08000019,NHS Forth Valley,FK7 8DW,56.064675,-3.875042,283356,687345
21613,S08000029,NHS Fife,KY12 9QH,56.085423,-3.567372,302562,689176
46625,S08000031,NHS Greater Glasgow and Clyde,G31 3BP,55.863196,-4.214677,261495,665553
26001,S08000019,NHS Forth Valley,FK10 3JQ,56.124693,-3.783555,289224,693873
26015,S08000019,NHS Forth Valley,FK7 0HW,56.093656,-3.921767,280537,690650
26020,S08000019,NHS Forth Valley,FK3 9EL,56.010879,-3.710934,293424,681093
87733,S08000031,NHS Greater Glasgow and Clyde,PA8 6BS,55.908367,-4.465213,245998,671109
30985,S08000020,NHS Grampian,AB10 1UT,57.145567,-2.116479,393051,806081
63921,S08000032,NHS Lanarkshire,ML11 7DH,55.674317,-3.771986,288659,643737
84538,S08000022,NHS Highland,PA75 6PN,56.619948,-6.075392,150085,754996
86374,S08000031,NHS Greater Glasgow and Clyde,PA15 4LY,55.945989,-4.766612,227330,676007
31550,S08000020,NHS Grampian,AB43 9NH,57.686803,-2.019911,398912,866329
